1.0000000	ENSE00000462919.1
0.3853049	ENSE00000490383.1
0.1000000	ENSE00000500842.1
0.1000000	ENSE00000514825.1
0.1000000	ENSE00000533122.2
1.0000000	ENSE00000678074.1
1.0000000	ENSE00000678075.1
1.0000000	ENSE00000678076.1
1.0000000	ENSE00000678937.1
1.0000000	ENSE00000678938.1
0.7846994	ENSE00000678939.1
0.4974209	ENSE00000679574.1
1.0000000	ENSE00000679588.1
0.3229908	ENSE00000679979.1
0.6544472	ENSE00000679985.1
0.7047150	ENSE00000680275.1
0.9096300	ENSE00000680650.1
1.0000000	ENSE00000680651.1
0.6777890	ENSE00000680652.1
1.0000000	ENSE00000680991.1
0.1676542	ENSE00000680992.1
0.9310407	ENSE00000680993.1
0.5524578	ENSE00000680994.1
0.9345335	ENSE00000680995.1
1.0000000	ENSE00000680997.1
1.0000000	ENSE00000681017.1
1.0000000	ENSE00000681175.1
1.0000000	ENSE00000681178.1
0.1000000	ENSE00000681181.1
1.0000000	ENSE00000681187.1
1.0000000	ENSE00000681195.1
1.0000000	ENSE00000681216.1
1.0000000	ENSE00000681228.1
0.2616313	ENSE00000681231.1
1.0000000	ENSE00000681370.1
0.1000000	ENSE00000682481.1
1.0000000	ENSE00000682482.1
0.8807718	ENSE00000682501.2
0.1000000	ENSE00000683303.1
1.0000000	ENSE00000684192.1
0.8695842	ENSE00000684230.1
0.2364380	ENSE00000684634.1
1.0000000	ENSE00000684637.1
0.5502706	ENSE00000684824.1
1.0000000	ENSE00000684826.1
1.0000000	ENSE00000685722.1
1.0000000	ENSE00000685729.1
0.3372524	ENSE00000685735.1
1.0000000	ENSE00000686291.1
1.0000000	ENSE00000686367.1
1.0000000	ENSE00000686370.3
1.0000000	ENSE00000686825.1
1.0000000	ENSE00000686829.1
0.2804762	ENSE00000686833.1
0.5720003	ENSE00000686841.1
0.1000000	ENSE00000686844.1
1.0000000	ENSE00000687189.1
1.0000000	ENSE00000687268.1
1.0000000	ENSE00000802261.1
1.0000000	ENSE00000802357.1
1.0000000	ENSE00000802358.1
1.0000000	ENSE00000802359.1
0.7273373	ENSE00000802360.1
1.0000000	ENSE00000802361.1
0.2167703	ENSE00000802451.1
1.0000000	ENSE00000802452.1
1.0000000	ENSE00000802460.7
0.3769123	ENSE00000802625.1
1.0000000	ENSE00000802626.1
1.0000000	ENSE00000802663.1
0.9990483	ENSE00000802664.1
1.0000000	ENSE00000817036.1
0.1000000	ENSE00000817037.1
0.1615428	ENSE00000817038.1
0.5769337	ENSE00000817040.1
1.0000000	ENSE00000817041.1
1.0000000	ENSE00000817062.1
0.7677332	ENSE00000817162.1
0.6560388	ENSE00000817163.1
0.1144014	ENSE00000817164.1
1.0000000	ENSE00000817202.1
1.0000000	ENSE00000817203.1
0.1462288	ENSE00000817242.2
0.2767157	ENSE00000817243.3
1.0000000	ENSE00000817246.1
0.5803371	ENSE00000817247.1
1.0000000	ENSE00000817248.6
1.0000000	ENSE00000817254.1
1.0000000	ENSE00000817255.1
0.1000000	ENSE00000836792.1
0.1000000	ENSE00000836793.1
1.0000000	ENSE00000836794.1
0.3725195	ENSE00000836815.4
0.4741847	ENSE00000836816.1
1.0000000	ENSE00000836817.3
0.7041494	ENSE00000836854.1
1.0000000	ENSE00000836858.1
1.0000000	ENSE00000836936.9
0.9662411	ENSE00000853784.1
0.1000000	ENSE00000853785.1
0.2963687	ENSE00000853786.1
1.0000000	ENSE00000853787.1
1.0000000	ENSE00000853788.1
0.1000000	ENSE00000853791.1
0.8571130	ENSE00000853792.1
1.0000000	ENSE00000853793.1
0.1000000	ENSE00000853813.1
1.0000000	ENSE00000853814.1
0.7931193	ENSE00000853815.1
0.1420606	ENSE00000853869.5
1.0000000	ENSE00000853929.1
0.1000000	ENSE00000853930.1
1.0000000	ENSE00000853931.1
1.0000000	ENSE00000853932.1
0.5412449	ENSE00000853933.1
0.4321241	ENSE00000853934.1
0.1000000	ENSE00000853942.1
1.0000000	ENSE00000854097.3
0.7554873	ENSE00000854098.1
0.1000000	ENSE00000854143.1
0.9874102	ENSE00000862484.1
0.5044881	ENSE00000862485.1
0.6762058	ENSE00000862510.1
0.2306138	ENSE00000862511.1
0.4161623	ENSE00000862517.3
0.1000000	ENSE00000862519.1
1.0000000	ENSE00000862534.1
0.3947677	ENSE00000862536.1
1.0000000	ENSE00000862541.1
0.4536001	ENSE00000862544.1
0.4170649	ENSE00000862547.1
0.1000000	ENSE00000862551.1
1.0000000	ENSE00000862556.2
0.1000000	ENSE00000862560.1
0.7913202	ENSE00000876423.1
0.4963857	ENSE00000876424.1
0.9980096	ENSE00000893875.1
1.0000000	ENSE00000906497.1
0.1000000	ENSE00000906498.1
0.1000000	ENSE00000906499.1
0.1753240	ENSE00000906525.1
0.8705578	ENSE00000906526.1
1.0000000	ENSE00000906597.1
0.1000000	ENSE00000906642.1
0.2563520	ENSE00000906658.1
1.0000000	ENSE00000906661.1
0.1000000	ENSE00000906662.1
0.1000000	ENSE00000906663.1
1.0000000	ENSE00000906664.1
0.2846736	ENSE00000906665.3
1.0000000	ENSE00000906667.1
0.4830483	ENSE00000906668.1
0.5565219	ENSE00000906669.1
0.6715792	ENSE00000907232.1
1.0000000	ENSE00000907234.1
0.9944847	ENSE00000907334.1
1.0000000	ENSE00000907430.2
1.0000000	ENSE00000907431.1
1.0000000	ENSE00000907561.1
1.0000000	ENSE00000907562.1
1.0000000	ENSE00000917064.5
0.4634088	ENSE00000917066.1
0.2984759	ENSE00000917067.1
1.0000000	ENSE00000917068.1
1.0000000	ENSE00000917069.1
1.0000000	ENSE00000917070.1
1.0000000	ENSE00000917074.1
0.3624291	ENSE00000917075.1
0.1000000	ENSE00000917076.1
0.9788138	ENSE00000917077.1
1.0000000	ENSE00000917078.1
1.0000000	ENSE00000917079.1
0.1000000	ENSE00000917080.1
0.8662302	ENSE00000917081.1
0.5213603	ENSE00000917082.1
1.0000000	ENSE00000917083.1
0.1000000	ENSE00000917084.1
0.1000000	ENSE00000917085.1
1.0000000	ENSE00000917086.1
0.4774358	ENSE00000917128.3
0.1000000	ENSE00000917138.1
0.1000000	ENSE00000917144.1
0.1000000	ENSE00000917147.3
0.4597921	ENSE00000923374.1
0.8145963	ENSE00000923377.1
1.0000000	ENSE00000923380.1
0.8229859	ENSE00000923389.1
0.3939123	ENSE00000923425.1
0.1000000	ENSE00000923426.1
0.1000000	ENSE00000923441.1
0.7581872	ENSE00000923442.1
1.0000000	ENSE00000923443.1
0.2185392	ENSE00000923444.1
1.0000000	ENSE00000923456.1
1.0000000	ENSE00000923457.1
0.7305329	ENSE00000923458.1
1.0000000	ENSE00000923459.1
1.0000000	ENSE00000923460.1
0.4382914	ENSE00000923461.1
1.0000000	ENSE00000923462.1
1.0000000	ENSE00000923463.1
1.0000000	ENSE00000923465.1
0.3483676	ENSE00000923503.4
1.0000000	ENSE00000923580.1
0.1000000	ENSE00000923581.1
1.0000000	ENSE00000923582.1
0.3071501	ENSE00000923583.1
0.9167297	ENSE00000923584.1
1.0000000	ENSE00000923604.3
0.1000000	ENSE00000923619.1
0.4074221	ENSE00000923621.1
0.2562994	ENSE00000923622.1
0.5901018	ENSE00000923623.3
1.0000000	ENSE00000923706.1
1.0000000	ENSE00000923756.1
0.1000000	ENSE00000923757.1
0.1790748	ENSE00000923758.1
0.3739671	ENSE00000923759.1
0.5444662	ENSE00000923761.1
1.0000000	ENSE00000923796.9
1.0000000	ENSE00000938429.1
0.9310048	ENSE00000938438.1
1.0000000	ENSE00000938439.1
0.1182154	ENSE00000938440.1
0.2459427	ENSE00000938441.1
0.1015522	ENSE00000938442.1
1.0000000	ENSE00000938443.1
1.0000000	ENSE00000938444.1
1.0000000	ENSE00000938445.1
0.2455551	ENSE00000938446.1
1.0000000	ENSE00000938447.1
0.1000000	ENSE00000938448.1
0.7230218	ENSE00000938449.1
1.0000000	ENSE00000938450.1
0.5427062	ENSE00000938452.1
1.0000000	ENSE00000938453.1
0.7295688	ENSE00000938454.1
1.0000000	ENSE00000938517.4
0.4947157	ENSE00000938553.1
1.0000000	ENSE00000938825.1
0.6711840	ENSE00000938858.1
0.1000000	ENSE00000938859.1
1.0000000	ENSE00000938861.1
0.1000000	ENSE00000939167.1
1.0000000	ENSE00000939168.1
0.6416431	ENSE00000939169.1
1.0000000	ENSE00000939171.1
0.4123302	ENSE00000939173.1
0.9653500	ENSE00000939174.1
1.0000000	ENSE00000939175.1
1.0000000	ENSE00000939177.1
0.1000000	ENSE00000939178.1
0.2679365	ENSE00000939180.1
1.0000000	ENSE00000939183.1
0.8713873	ENSE00000939185.1
1.0000000	ENSE00000939187.1
1.0000000	ENSE00000939189.1
1.0000000	ENSE00000939554.1
1.0000000	ENSE00000939558.4
1.0000000	ENSE00000939575.1
0.1000000	ENSE00000939576.1
1.0000000	ENSE00000939577.1
0.2763160	ENSE00000939578.1
1.0000000	ENSE00000939580.1
0.8341673	ENSE00000939581.1
0.1000000	ENSE00000939602.3
0.9421349	ENSE00000939604.1
0.2027757	ENSE00000939645.1
0.8076576	ENSE00000939670.1
1.0000000	ENSE00000939671.1
0.2166331	ENSE00000939672.1
0.1000000	ENSE00000939673.1
0.9606152	ENSE00000939674.1
1.0000000	ENSE00000939675.1
0.1000000	ENSE00000939676.1
0.1856195	ENSE00000939677.1
1.0000000	ENSE00000939678.1
1.0000000	ENSE00000939679.1
0.7737554	ENSE00000939681.1
1.0000000	ENSE00000939682.1
1.0000000	ENSE00000939683.1
0.6655348	ENSE00000939684.1
1.0000000	ENSE00000939685.1
1.0000000	ENSE00000940123.1
1.0000000	ENSE00000940124.1
1.0000000	ENSE00000940142.1
0.1000000	ENSE00000940293.4
0.1000000	ENSE00000940295.1
1.0000000	ENSE00000940300.3
1.0000000	ENSE00000940304.3
1.0000000	ENSE00000940306.1
0.8034525	ENSE00000940307.1
1.0000000	ENSE00000940310.1
0.1000000	ENSE00000940408.1
1.0000000	ENSE00000994796.1
1.0000000	ENSE00000994969.1
1.0000000	ENSE00000994970.1
1.0000000	ENSE00000994972.1
0.1000000	ENSE00000994975.1
1.0000000	ENSE00000994976.1
0.1000000	ENSE00000994978.1
1.0000000	ENSE00000994980.1
1.0000000	ENSE00000994982.1
0.1000000	ENSE00000994983.1
0.3589047	ENSE00000994985.1
0.3962630	ENSE00000994986.1
0.1326833	ENSE00000994987.1
0.1000000	ENSE00000995225.1
0.5441622	ENSE00000995227.1
0.7805091	ENSE00000995228.1
1.0000000	ENSE00001001652.2
0.8186117	ENSE00001001657.4
1.0000000	ENSE00001001734.1
1.0000000	ENSE00001002177.1
1.0000000	ENSE00001002179.1
0.7348699	ENSE00001002181.1
0.8953054	ENSE00001002182.2
1.0000000	ENSE00001002183.1
1.0000000	ENSE00001002184.3
0.1000000	ENSE00001002185.1
1.0000000	ENSE00001003785.1
0.5204096	ENSE00001003962.1
1.0000000	ENSE00001003966.7
0.6613009	ENSE00001003995.1
0.1146930	ENSE00001004026.3
0.6113706	ENSE00001005822.1
0.3632083	ENSE00001006910.2
1.0000000	ENSE00001006991.1
1.0000000	ENSE00001006995.1
0.3656050	ENSE00001006999.1
1.0000000	ENSE00001007000.1
1.0000000	ENSE00001007008.1
1.0000000	ENSE00001007011.1
1.0000000	ENSE00001007013.1
0.7136189	ENSE00001007015.1
0.4888406	ENSE00001007017.1
0.8959202	ENSE00001011089.1
0.8265965	ENSE00001011097.1
1.0000000	ENSE00001011099.1
1.0000000	ENSE00001011101.1
0.1000000	ENSE00001011102.1
1.0000000	ENSE00001092360.1
1.0000000	ENSE00001092363.1
1.0000000	ENSE00001092364.1
1.0000000	ENSE00001092625.4
1.0000000	ENSE00001092683.1
0.1000000	ENSE00001092896.1
1.0000000	ENSE00001092902.1
0.7546988	ENSE00001093038.2
1.0000000	ENSE00001093042.3
1.0000000	ENSE00001093601.7
0.3439177	ENSE00001093703.3
0.1000000	ENSE00001093706.3
0.7792117	ENSE00001094051.1
0.1000000	ENSE00001094053.1
1.0000000	ENSE00001094057.1
0.9379436	ENSE00001094086.1
0.2280935	ENSE00001094088.1
1.0000000	ENSE00001094091.1
0.2701746	ENSE00001094092.1
1.0000000	ENSE00001094289.1
1.0000000	ENSE00001094290.1
0.1000000	ENSE00001094291.1
1.0000000	ENSE00001094292.1
1.0000000	ENSE00001094294.1
0.5963029	ENSE00001094296.1
1.0000000	ENSE00001094298.1
1.0000000	ENSE00001094301.1
1.0000000	ENSE00001094304.1
0.1000000	ENSE00001094306.1
1.0000000	ENSE00001094313.1
0.9289395	ENSE00001094420.1
1.0000000	ENSE00001094424.1
0.7459727	ENSE00001094440.1
1.0000000	ENSE00001096985.3
0.3522264	ENSE00001097038.9
1.0000000	ENSE00001097055.7
1.0000000	ENSE00001097244.5
0.4291920	ENSE00001097379.8
1.0000000	ENSE00001097381.1
1.0000000	ENSE00001101639.1
1.0000000	ENSE00001101655.1
1.0000000	ENSE00001101657.2
0.1000000	ENSE00001101662.1
0.2942023	ENSE00001121334.7
1.0000000	ENSE00001121883.4
0.1000000	ENSE00001122615.4
0.8158533	ENSE00001123970.6
0.3734449	ENSE00001124048.1
1.0000000	ENSE00001128147.5
0.7407932	ENSE00001128319.4
0.4444521	ENSE00001129122.1
1.0000000	ENSE00001129131.1
0.2059677	ENSE00001129140.1
1.0000000	ENSE00001129152.1
1.0000000	ENSE00001131242.1
1.0000000	ENSE00001132221.1
1.0000000	ENSE00001132224.1
0.1216462	ENSE00001132234.1
0.9304950	ENSE00001132241.1
0.5657744	ENSE00001132250.1
0.5806602	ENSE00001132257.1
0.8617752	ENSE00001133490.1
0.1000000	ENSE00001133496.1
0.8398351	ENSE00001134999.1
0.1168919	ENSE00001135032.1
0.1924341	ENSE00001136905.4
0.1000000	ENSE00001141136.1
1.0000000	ENSE00001144543.1
0.1000000	ENSE00001144865.1
1.0000000	ENSE00001144871.1
0.5906451	ENSE00001144876.1
1.0000000	ENSE00001144882.1
1.0000000	ENSE00001144895.1
1.0000000	ENSE00001144905.1
1.0000000	ENSE00001144911.1
1.0000000	ENSE00001144918.1
0.1000000	ENSE00001144924.1
0.3846845	ENSE00001144997.1
0.1000000	ENSE00001145002.1
0.1000000	ENSE00001145006.1
1.0000000	ENSE00001146420.6
1.0000000	ENSE00001146427.1
1.0000000	ENSE00001151303.1
1.0000000	ENSE00001151330.1
0.1539566	ENSE00001151379.1
0.1000000	ENSE00001151396.1
1.0000000	ENSE00001155340.1
1.0000000	ENSE00001156061.3
0.1000000	ENSE00001156067.3
0.2756346	ENSE00001157670.2
1.0000000	ENSE00001157677.1
1.0000000	ENSE00001157702.3
1.0000000	ENSE00001157750.7
1.0000000	ENSE00001157761.4
1.0000000	ENSE00001160768.2
0.9341958	ENSE00001161708.1
1.0000000	ENSE00001161894.2
0.1000000	ENSE00001162704.3
1.0000000	ENSE00001162827.2
0.1046995	ENSE00001165901.1
1.0000000	ENSE00001165906.1
1.0000000	ENSE00001165911.1
0.2633826	ENSE00001165915.1
0.8296838	ENSE00001165925.1
0.1000000	ENSE00001165934.1
0.3676699	ENSE00001165939.1
0.6586835	ENSE00001174719.1
1.0000000	ENSE00001175525.1
0.1000000	ENSE00001175543.1
1.0000000	ENSE00001179759.3
0.1000000	ENSE00001179766.1
1.0000000	ENSE00001179773.3
1.0000000	ENSE00001179795.3
1.0000000	ENSE00001180319.1
0.5955994	ENSE00001180322.1
1.0000000	ENSE00001182855.2
0.6738310	ENSE00001184410.1
1.0000000	ENSE00001184784.4
1.0000000	ENSE00001184789.5
0.3062399	ENSE00001185531.4
1.0000000	ENSE00001191079.1
0.1000000	ENSE00001191432.6
1.0000000	ENSE00001191513.4
0.1000000	ENSE00001191953.1
0.1000000	ENSE00001191995.6
1.0000000	ENSE00001192675.5
0.1000000	ENSE00001196779.1
0.9980705	ENSE00001196785.1
1.0000000	ENSE00001200768.6
1.0000000	ENSE00001205834.1
0.4233204	ENSE00001205839.1
1.0000000	ENSE00001221318.1
1.0000000	ENSE00001221322.1
0.3303751	ENSE00001222524.2
1.0000000	ENSE00001224347.5
1.0000000	ENSE00001231562.2
1.0000000	ENSE00001235005.1
0.1000000	ENSE00001235276.1
0.6914398	ENSE00001235286.1
0.7521169	ENSE00001235798.2
0.6491648	ENSE00001237000.4
0.1000000	ENSE00001237026.3
1.0000000	ENSE00001237712.4
1.0000000	ENSE00001239598.9
0.1000000	ENSE00001241067.8
1.0000000	ENSE00001245107.1
1.0000000	ENSE00001245412.1
0.2127646	ENSE00001245421.1
0.1000000	ENSE00001245442.1
0.1000000	ENSE00001245511.3
0.1000000	ENSE00001248743.1
0.1240267	ENSE00001253754.1
0.1000000	ENSE00001253759.5
1.0000000	ENSE00001253851.1
0.1000000	ENSE00001254853.5
0.9947042	ENSE00001256962.3
1.0000000	ENSE00001259354.2
0.6212495	ENSE00001263166.1
0.7927227	ENSE00001263210.2
0.1000000	ENSE00001265627.1
1.0000000	ENSE00001267320.2
1.0000000	ENSE00001267787.8
0.1000000	ENSE00001267793.1
0.1819578	ENSE00001267799.1
1.0000000	ENSE00001267804.1
1.0000000	ENSE00001267813.1
0.4900154	ENSE00001267824.1
1.0000000	ENSE00001267830.1
1.0000000	ENSE00001271628.1
1.0000000	ENSE00001271636.1
0.6267549	ENSE00001271655.3
1.0000000	ENSE00001274939.1
1.0000000	ENSE00001277478.1
0.8206023	ENSE00001279527.2
0.2960247	ENSE00001279973.1
1.0000000	ENSE00001280973.4
1.0000000	ENSE00001285208.1
0.1000000	ENSE00001285746.1
0.7513365	ENSE00001285764.1
0.3463487	ENSE00001285783.1
0.6746924	ENSE00001287560.1
0.2423429	ENSE00001291492.1
1.0000000	ENSE00001292548.2
0.5727344	ENSE00001292846.4
0.1000000	ENSE00001293317.1
1.0000000	ENSE00001294212.1
1.0000000	ENSE00001295301.4
1.0000000	ENSE00001295332.1
0.1000000	ENSE00001298357.1
0.9229446	ENSE00001299414.1
1.0000000	ENSE00001300860.1
1.0000000	ENSE00001301341.1
0.7423110	ENSE00001302924.1
0.1000000	ENSE00001303147.1
0.4931109	ENSE00001304165.6
1.0000000	ENSE00001305557.1
0.2443342	ENSE00001310581.1
0.1000000	ENSE00001311677.4
1.0000000	ENSE00001313134.1
0.1000000	ENSE00001314072.1
1.0000000	ENSE00001314906.6
1.0000000	ENSE00001315467.3
1.0000000	ENSE00001317057.1
0.1000000	ENSE00001319298.1
0.6438189	ENSE00001319366.3
1.0000000	ENSE00001319639.2
0.2062548	ENSE00001320810.1
1.0000000	ENSE00001321025.1
1.0000000	ENSE00001323112.1
1.0000000	ENSE00001324544.1
0.1761529	ENSE00001327788.1
0.5196970	ENSE00001329432.3
0.4547492	ENSE00001329627.3
1.0000000	ENSE00001334819.1
1.0000000	ENSE00001334824.3
0.2149674	ENSE00001334831.7
1.0000000	ENSE00001335064.4
0.3405073	ENSE00001335285.2
0.8274121	ENSE00001336273.1
0.1000000	ENSE00001339435.1
1.0000000	ENSE00001341242.4
1.0000000	ENSE00001341844.1
1.0000000	ENSE00001342144.3
1.0000000	ENSE00001342700.1
0.4115924	ENSE00001342704.1
0.1000000	ENSE00001344838.1
1.0000000	ENSE00001345173.1
1.0000000	ENSE00001346764.1
0.1000000	ENSE00001346766.1
0.1000000	ENSE00001346776.1
0.1000000	ENSE00001346780.1
0.1000000	ENSE00001346785.1
1.0000000	ENSE00001349478.1
0.1000000	ENSE00001350581.2
0.8533683	ENSE00001353009.2
1.0000000	ENSE00001359110.3
1.0000000	ENSE00001359564.1
0.1000000	ENSE00001361142.2
1.0000000	ENSE00001364027.1
1.0000000	ENSE00001364232.1
1.0000000	ENSE00001366033.1
0.1000000	ENSE00001366333.1
1.0000000	ENSE00001366583.1
1.0000000	ENSE00001367043.3
0.2707581	ENSE00001369411.5
1.0000000	ENSE00001369525.1
0.7223957	ENSE00001369560.1
0.1000000	ENSE00001370421.1
0.9941360	ENSE00001370552.1
1.0000000	ENSE00001370952.1
0.2707477	ENSE00001371098.1
1.0000000	ENSE00001372118.1
0.1000000	ENSE00001374226.2
0.1000000	ENSE00001375443.1
0.5518672	ENSE00001375546.1
1.0000000	ENSE00001376656.1
0.9846986	ENSE00001377067.1
1.0000000	ENSE00001378011.1
1.0000000	ENSE00001379105.1
1.0000000	ENSE00001379198.1
0.1000000	ENSE00001379519.4
0.1000000	ENSE00001380721.4
1.0000000	ENSE00001381056.1
1.0000000	ENSE00001381074.1
1.0000000	ENSE00001381276.1
1.0000000	ENSE00001381830.1
0.1000000	ENSE00001382240.1
0.1000000	ENSE00001384113.1
1.0000000	ENSE00001385502.3
1.0000000	ENSE00001386353.2
1.0000000	ENSE00001388535.1
1.0000000	ENSE00001389810.1
1.0000000	ENSE00001390916.3
1.0000000	ENSE00001391074.1
0.2188791	ENSE00001394102.1
0.1000000	ENSE00001400657.2
0.9323615	ENSE00001401844.2
1.0000000	ENSE00001408724.4
1.0000000	ENSE00001409179.5
1.0000000	ENSE00001411015.2
1.0000000	ENSE00001411713.2
1.0000000	ENSE00001412384.1
1.0000000	ENSE00001413000.3
0.3423763	ENSE00001413656.1
0.1000000	ENSE00001415309.2
1.0000000	ENSE00001417325.1
0.1058643	ENSE00001417511.3
1.0000000	ENSE00001417808.3
1.0000000	ENSE00001418263.1
0.1000000	ENSE00001418403.1
0.1000000	ENSE00001419151.1
1.0000000	ENSE00001421982.1
1.0000000	ENSE00001422888.3
1.0000000	ENSE00001423039.1
1.0000000	ENSE00001423490.1
1.0000000	ENSE00001423502.2
0.5577847	ENSE00001424461.1
0.2589475	ENSE00001425120.3
0.5704889	ENSE00001425429.1
0.1000000	ENSE00001428174.2
0.5014882	ENSE00001428781.1
1.0000000	ENSE00001429133.1
0.3810844	ENSE00001430373.2
1.0000000	ENSE00001433161.6
0.7416218	ENSE00001433522.1
1.0000000	ENSE00001466609.3
0.1000000	ENSE00001466640.1
0.8025773	ENSE00001466662.1
1.0000000	ENSE00001466667.1
0.1000000	ENSE00001466673.1
1.0000000	ENSE00001466777.2
1.0000000	ENSE00001466795.4
1.0000000	ENSE00001466880.2
0.1000000	ENSE00001466911.2
1.0000000	ENSE00001466915.1
1.0000000	ENSE00001467108.1
1.0000000	ENSE00001467424.1
0.1054425	ENSE00001467425.1
1.0000000	ENSE00001467515.3
1.0000000	ENSE00001467616.3
0.1000000	ENSE00001467617.1
0.1000000	ENSE00001467707.2
0.1000000	ENSE00001467710.2
1.0000000	ENSE00001468140.1
1.0000000	ENSE00001468195.1
0.1000000	ENSE00001468203.2
0.1000000	ENSE00001468253.1
1.0000000	ENSE00001468343.3
0.9529120	ENSE00001468345.1
0.8522513	ENSE00001468433.1
0.1000000	ENSE00001468434.1
1.0000000	ENSE00001468435.1
0.8005816	ENSE00001468437.1
1.0000000	ENSE00001468438.1
0.7344802	ENSE00001468443.1
1.0000000	ENSE00001468444.1
1.0000000	ENSE00001468445.1
0.4470516	ENSE00001468446.1
0.6679884	ENSE00001468447.1
0.8696227	ENSE00001468448.1
1.0000000	ENSE00001468449.1
0.1790392	ENSE00001468450.1
1.0000000	ENSE00001468451.1
1.0000000	ENSE00001468452.1
1.0000000	ENSE00001468454.1
0.1000000	ENSE00001468455.1
1.0000000	ENSE00001468456.1
1.0000000	ENSE00001468457.1
1.0000000	ENSE00001468458.1
0.1000000	ENSE00001468459.1
1.0000000	ENSE00001468595.1
0.1391758	ENSE00001468614.2
1.0000000	ENSE00001468616.1
0.1000000	ENSE00001468617.1
1.0000000	ENSE00001468619.1
0.1000000	ENSE00001468621.1
0.1000000	ENSE00001468622.1
1.0000000	ENSE00001468623.1
1.0000000	ENSE00001468687.2
0.2800446	ENSE00001468760.3
1.0000000	ENSE00001468765.3
0.1196951	ENSE00001468866.1
0.1000000	ENSE00001468930.1
0.1088049	ENSE00001468933.1
0.1137451	ENSE00001468989.1
0.1000000	ENSE00001469250.1
1.0000000	ENSE00001470036.1
1.0000000	ENSE00001470245.3
1.0000000	ENSE00001470277.1
0.4191088	ENSE00001470287.1
1.0000000	ENSE00001470288.1
1.0000000	ENSE00001470338.1
1.0000000	ENSE00001470453.2
0.5880830	ENSE00001470976.4
1.0000000	ENSE00001471013.1
1.0000000	ENSE00001471335.3
1.0000000	ENSE00001471420.2
1.0000000	ENSE00001471427.2
1.0000000	ENSE00001471712.6
1.0000000	ENSE00001471943.1
1.0000000	ENSE00001471945.1
0.1000000	ENSE00001472009.1
0.1000000	ENSE00001472245.4
1.0000000	ENSE00001472278.3
1.0000000	ENSE00001472611.4
0.1000000	ENSE00001472677.3
0.1000000	ENSE00001472693.4
1.0000000	ENSE00001472817.1
1.0000000	ENSE00001473186.1
0.1000000	ENSE00001473981.1
0.1373361	ENSE00001474008.1
1.0000000	ENSE00001474009.1
1.0000000	ENSE00001474010.1
1.0000000	ENSE00001474232.5
0.1343955	ENSE00001474463.1
0.1000000	ENSE00001474860.4
0.1566616	ENSE00001474889.3
1.0000000	ENSE00001474966.1
0.4063358	ENSE00001475406.1
0.1000000	ENSE00001475419.2
1.0000000	ENSE00001475429.1
0.8619420	ENSE00001475509.3
1.0000000	ENSE00001475526.1
0.1000000	ENSE00001475806.1
0.1000000	ENSE00001475977.2
1.0000000	ENSE00001476023.1
0.7051862	ENSE00001476026.2
1.0000000	ENSE00001476437.5
0.1177643	ENSE00001477281.1
1.0000000	ENSE00001477293.1
1.0000000	ENSE00001477982.3
0.7313138	ENSE00001478818.1
1.0000000	ENSE00001478820.1
0.1000000	ENSE00001479404.3
1.0000000	ENSE00001479865.4
1.0000000	ENSE00001479883.3
0.1000000	ENSE00001480044.2
0.5895588	ENSE00001480642.3
0.1000000	ENSE00001480647.3
0.1561892	ENSE00001481264.3
0.1506080	ENSE00001481275.3
0.7688852	ENSE00001481928.1
1.0000000	ENSE00001481930.1
1.0000000	ENSE00001481931.1
1.0000000	ENSE00001481964.1
1.0000000	ENSE00001483114.1
1.0000000	ENSE00001483255.1
0.2845553	ENSE00001483361.1
0.3079724	ENSE00001483649.3
1.0000000	ENSE00001483661.2
0.1000000	ENSE00001483718.3
0.1000000	ENSE00001484009.1
1.0000000	ENSE00001485094.3
1.0000000	ENSE00001485140.4
1.0000000	ENSE00001485154.3
0.8558961	ENSE00001485220.3
0.1000000	ENSE00001486327.1
0.8699002	ENSE00001486334.1
0.6131992	ENSE00001486944.2
1.0000000	ENSE00001487306.3
1.0000000	ENSE00001487732.1
1.0000000	ENSE00001487738.1
1.0000000	ENSE00001487746.1
0.6239048	ENSE00001488706.3
1.0000000	ENSE00001489094.3
0.3457105	ENSE00001489373.1
1.0000000	ENSE00001489684.4
0.4051040	ENSE00001490241.1
1.0000000	ENSE00001490371.1
1.0000000	ENSE00001490841.1
1.0000000	ENSE00001490951.3
0.2189516	ENSE00001491479.3
1.0000000	ENSE00001491490.2
0.1000000	ENSE00001491824.5
1.0000000	ENSE00001491832.4
0.1000000	ENSE00001492489.4
1.0000000	ENSE00001492576.3
0.3265898	ENSE00001493624.1
1.0000000	ENSE00001493625.1
0.6628487	ENSE00001493636.2
1.0000000	ENSE00001493647.1
1.0000000	ENSE00001493682.2
1.0000000	ENSE00001493691.1
0.1947328	ENSE00001493916.2
0.4305867	ENSE00001527034.1
0.9962465	ENSE00001527035.1
0.3814042	ENSE00001527045.1
0.6177881	ENSE00001527046.1
1.0000000	ENSE00001527077.1
0.3555176	ENSE00001527107.2
0.1000000	ENSE00001529366.1
1.0000000	ENSE00001532037.2
1.0000000	ENSE00001532290.1
1.0000000	ENSE00001532296.1
1.0000000	ENSE00001532348.2
0.1000000	ENSE00001532349.1
0.3983995	ENSE00001532359.2
1.0000000	ENSE00001532665.1
0.9059465	ENSE00001533067.4
0.4629335	ENSE00001533432.1
1.0000000	ENSE00001534341.1
0.1000000	ENSE00001534366.2
0.3805021	ENSE00001535036.1
0.3767689	ENSE00001537174.1
1.0000000	ENSE00001539324.1
0.4628753	ENSE00001539653.3
0.1000000	ENSE00001539656.2
1.0000000	ENSE00001539675.3
0.9105262	ENSE00001540720.2
0.8563029	ENSE00001540830.1
0.1000000	ENSE00001542704.3
1.0000000	ENSE00001542753.1
0.7498748	ENSE00001547090.4
0.1645934	ENSE00001551361.2
1.0000000	ENSE00001554070.3
0.4372800	ENSE00001559256.1
0.9000767	ENSE00001559903.2
0.9137488	ENSE00001563209.2
1.0000000	ENSE00001564547.3
0.1000000	ENSE00001579139.1
0.5733697	ENSE00001582618.1
1.0000000	ENSE00001586216.1
1.0000000	ENSE00001587888.1
1.0000000	ENSE00001591297.1
1.0000000	ENSE00001592284.1
0.9849582	ENSE00001592368.1
1.0000000	ENSE00001593748.1
0.1000000	ENSE00001594745.1
0.1000000	ENSE00001595853.1
1.0000000	ENSE00001596242.1
1.0000000	ENSE00001596848.1
0.1000000	ENSE00001597227.2
1.0000000	ENSE00001598019.1
0.1812080	ENSE00001598583.1
0.1000000	ENSE00001598911.1
1.0000000	ENSE00001599744.1
0.7331594	ENSE00001599859.1
1.0000000	ENSE00001599917.1
1.0000000	ENSE00001600380.1
1.0000000	ENSE00001600432.1
1.0000000	ENSE00001601179.1
0.1000000	ENSE00001601217.1
1.0000000	ENSE00001601906.1
1.0000000	ENSE00001602241.1
0.1000000	ENSE00001602444.1
1.0000000	ENSE00001603053.1
1.0000000	ENSE00001604164.1
0.1000000	ENSE00001604215.1
1.0000000	ENSE00001604367.1
1.0000000	ENSE00001605216.1
1.0000000	ENSE00001606244.1
0.3516082	ENSE00001607562.1
0.2403150	ENSE00001608870.1
0.1000000	ENSE00001610270.1
1.0000000	ENSE00001610533.1
1.0000000	ENSE00001611186.1
0.5519823	ENSE00001612041.1
0.1000000	ENSE00001612546.1
1.0000000	ENSE00001612926.1
1.0000000	ENSE00001613906.1
1.0000000	ENSE00001614773.1
0.9515794	ENSE00001614785.1
0.1000000	ENSE00001615131.1
1.0000000	ENSE00001615209.1
0.7053661	ENSE00001615953.1
0.4571832	ENSE00001616037.1
1.0000000	ENSE00001616173.2
0.1000000	ENSE00001616287.1
1.0000000	ENSE00001616402.2
0.7153507	ENSE00001617230.1
0.1000000	ENSE00001617557.1
0.1000000	ENSE00001617632.1
0.1000000	ENSE00001618611.1
1.0000000	ENSE00001619126.1
1.0000000	ENSE00001619974.1
1.0000000	ENSE00001620515.1
0.8903911	ENSE00001620727.1
1.0000000	ENSE00001621300.1
1.0000000	ENSE00001621634.3
0.9098736	ENSE00001621985.1
1.0000000	ENSE00001622034.1
1.0000000	ENSE00001623165.1
0.1000000	ENSE00001623961.1
0.1000000	ENSE00001623971.1
0.2714093	ENSE00001624195.1
1.0000000	ENSE00001624804.1
0.7703466	ENSE00001625883.1
1.0000000	ENSE00001625889.1
1.0000000	ENSE00001626516.1
1.0000000	ENSE00001626937.1
1.0000000	ENSE00001627486.1
1.0000000	ENSE00001627866.1
1.0000000	ENSE00001628436.1
1.0000000	ENSE00001628928.1
1.0000000	ENSE00001629018.1
0.5040789	ENSE00001629152.1
0.1000000	ENSE00001629220.1
1.0000000	ENSE00001629288.1
1.0000000	ENSE00001629467.1
1.0000000	ENSE00001630009.1
0.1000000	ENSE00001630700.1
0.1569937	ENSE00001631716.1
1.0000000	ENSE00001631864.1
1.0000000	ENSE00001631871.1
0.8013386	ENSE00001632619.1
1.0000000	ENSE00001632663.1
1.0000000	ENSE00001632863.1
1.0000000	ENSE00001633319.1
1.0000000	ENSE00001634388.1
0.1000000	ENSE00001634603.1
1.0000000	ENSE00001634619.1
0.3599715	ENSE00001635001.1
0.5684884	ENSE00001635070.1
1.0000000	ENSE00001635711.1
0.7557061	ENSE00001636114.1
1.0000000	ENSE00001636739.1
0.8094509	ENSE00001636748.1
0.6497930	ENSE00001637221.1
0.1292955	ENSE00001637534.1
1.0000000	ENSE00001637651.2
1.0000000	ENSE00001638065.1
0.1000000	ENSE00001638235.1
0.8570057	ENSE00001638980.1
0.5558429	ENSE00001639532.1
1.0000000	ENSE00001640038.1
0.1000000	ENSE00001640148.1
0.1000000	ENSE00001640467.1
0.6781617	ENSE00001640792.1
1.0000000	ENSE00001640796.1
1.0000000	ENSE00001640982.1
0.1000000	ENSE00001641313.1
0.7642276	ENSE00001642359.1
0.2791081	ENSE00001642401.2
0.9213030	ENSE00001642676.1
0.5511505	ENSE00001642749.1
1.0000000	ENSE00001643016.1
1.0000000	ENSE00001645320.1
0.8488623	ENSE00001646616.1
0.9968204	ENSE00001646722.1
0.1000000	ENSE00001646792.1
1.0000000	ENSE00001647368.1
1.0000000	ENSE00001647577.1
1.0000000	ENSE00001647881.1
0.1000000	ENSE00001648177.1
0.8863563	ENSE00001648714.1
0.1000000	ENSE00001652091.1
0.1000000	ENSE00001652403.1
0.1000000	ENSE00001652442.1
0.2198603	ENSE00001652453.1
0.1000000	ENSE00001652639.1
0.3738377	ENSE00001652832.1
0.6438623	ENSE00001652972.1
0.1000000	ENSE00001653037.1
1.0000000	ENSE00001654828.1
1.0000000	ENSE00001654971.1
0.9668832	ENSE00001654995.1
0.1000000	ENSE00001657121.1
1.0000000	ENSE00001657234.1
0.3196279	ENSE00001657461.1
1.0000000	ENSE00001659309.1
1.0000000	ENSE00001660226.1
1.0000000	ENSE00001660809.1
1.0000000	ENSE00001662930.1
0.4943635	ENSE00001663332.1
1.0000000	ENSE00001665361.1
0.7411698	ENSE00001665411.1
0.7868884	ENSE00001665433.1
1.0000000	ENSE00001665926.1
0.9932998	ENSE00001666195.1
0.1000000	ENSE00001666787.1
1.0000000	ENSE00001666940.1
1.0000000	ENSE00001667352.1
1.0000000	ENSE00001667384.1
1.0000000	ENSE00001667465.1
0.1000000	ENSE00001668490.1
0.1000000	ENSE00001669634.1
0.6909770	ENSE00001670318.1
1.0000000	ENSE00001670335.1
1.0000000	ENSE00001670712.1
1.0000000	ENSE00001670715.2
0.1000000	ENSE00001671772.1
0.3803993	ENSE00001672372.1
0.1460609	ENSE00001673087.1
1.0000000	ENSE00001673398.1
1.0000000	ENSE00001675295.1
1.0000000	ENSE00001676079.2
0.8389907	ENSE00001676626.1
0.2837332	ENSE00001676904.1
0.1000000	ENSE00001677732.1
0.1000000	ENSE00001678193.1
1.0000000	ENSE00001678406.1
1.0000000	ENSE00001678632.1
0.1075275	ENSE00001680835.1
1.0000000	ENSE00001681263.1
1.0000000	ENSE00001681377.1
1.0000000	ENSE00001681845.1
0.7788701	ENSE00001682476.1
0.1000000	ENSE00001684302.1
0.8785518	ENSE00001685308.1
0.7692654	ENSE00001686353.1
1.0000000	ENSE00001686546.1
0.9904382	ENSE00001687093.1
1.0000000	ENSE00001687681.1
0.9745579	ENSE00001688276.1
1.0000000	ENSE00001688484.1
0.1000000	ENSE00001688670.1
0.1668997	ENSE00001688904.3
1.0000000	ENSE00001689681.1
0.8173858	ENSE00001690103.1
1.0000000	ENSE00001690393.1
1.0000000	ENSE00001691975.1
1.0000000	ENSE00001693067.1
0.1000000	ENSE00001693681.1
0.9436319	ENSE00001694286.1
1.0000000	ENSE00001695592.1
0.1000000	ENSE00001695668.1
0.1000000	ENSE00001696369.1
0.1000000	ENSE00001696675.1
0.3523242	ENSE00001696996.1
0.8821164	ENSE00001697658.1
1.0000000	ENSE00001697764.1
0.1000000	ENSE00001697964.1
0.1000000	ENSE00001698412.1
1.0000000	ENSE00001698962.1
1.0000000	ENSE00001699438.1
1.0000000	ENSE00001699894.1
1.0000000	ENSE00001699950.1
1.0000000	ENSE00001700531.1
1.0000000	ENSE00001701146.1
1.0000000	ENSE00001701375.1
1.0000000	ENSE00001704422.1
1.0000000	ENSE00001704678.1
1.0000000	ENSE00001705300.1
1.0000000	ENSE00001705395.1
1.0000000	ENSE00001705479.1
0.1000000	ENSE00001706074.1
0.8973142	ENSE00001708644.1
1.0000000	ENSE00001709128.1
0.1000000	ENSE00001710491.1
1.0000000	ENSE00001712252.1
1.0000000	ENSE00001712465.1
1.0000000	ENSE00001712887.1
0.9864274	ENSE00001712974.1
0.1000000	ENSE00001713098.1
0.1000000	ENSE00001713375.1
0.1000000	ENSE00001715253.1
1.0000000	ENSE00001715666.1
1.0000000	ENSE00001716253.1
1.0000000	ENSE00001717772.1
0.5219715	ENSE00001717883.1
1.0000000	ENSE00001718449.1
1.0000000	ENSE00001718598.1
1.0000000	ENSE00001718897.1
1.0000000	ENSE00001719168.1
1.0000000	ENSE00001719754.1
0.1000000	ENSE00001719886.1
0.1000000	ENSE00001720143.2
1.0000000	ENSE00001720763.1
0.4054297	ENSE00001720858.1
1.0000000	ENSE00001721098.1
1.0000000	ENSE00001721114.1
0.8046062	ENSE00001721522.1
0.1835082	ENSE00001722943.1
1.0000000	ENSE00001723053.1
0.1000000	ENSE00001723493.1
1.0000000	ENSE00001723792.1
0.6400744	ENSE00001724587.1
1.0000000	ENSE00001724733.1
0.5686159	ENSE00001725002.1
1.0000000	ENSE00001725063.1
0.1560806	ENSE00001725289.1
1.0000000	ENSE00001726711.1
1.0000000	ENSE00001727981.1
1.0000000	ENSE00001728010.1
0.1000000	ENSE00001728465.1
1.0000000	ENSE00001729598.1
1.0000000	ENSE00001729685.1
0.4908622	ENSE00001729915.1
0.1000000	ENSE00001731008.1
1.0000000	ENSE00001731512.1
0.3553416	ENSE00001732314.1
0.1000000	ENSE00001732831.1
1.0000000	ENSE00001733101.1
1.0000000	ENSE00001735258.3
0.7307494	ENSE00001735712.2
1.0000000	ENSE00001735748.1
1.0000000	ENSE00001736656.1
1.0000000	ENSE00001736722.1
1.0000000	ENSE00001736958.1
0.2038883	ENSE00001737461.1
0.5700310	ENSE00001737878.1
0.6028070	ENSE00001738284.1
1.0000000	ENSE00001739393.1
0.1000000	ENSE00001739716.1
1.0000000	ENSE00001739929.1
0.1000000	ENSE00001740661.1
1.0000000	ENSE00001740839.1
0.6780064	ENSE00001741252.1
1.0000000	ENSE00001741417.2
1.0000000	ENSE00001742478.1
0.6084478	ENSE00001742688.1
1.0000000	ENSE00001742777.1
0.5331592	ENSE00001743665.1
1.0000000	ENSE00001744283.1
0.9063227	ENSE00001745705.1
0.5380808	ENSE00001745928.3
1.0000000	ENSE00001747466.1
0.4723391	ENSE00001748062.1
0.1000000	ENSE00001750561.1
1.0000000	ENSE00001751276.1
1.0000000	ENSE00001752187.1
1.0000000	ENSE00001752325.1
1.0000000	ENSE00001755791.1
0.3316082	ENSE00001756550.1
1.0000000	ENSE00001756561.1
0.5014647	ENSE00001757253.1
0.3824486	ENSE00001757256.1
1.0000000	ENSE00001757347.2
1.0000000	ENSE00001757357.1
0.9362480	ENSE00001757537.1
0.2939599	ENSE00001757541.1
1.0000000	ENSE00001758046.2
1.0000000	ENSE00001758486.3
0.8022570	ENSE00001758999.1
0.1241518	ENSE00001759089.1
0.1576301	ENSE00001760178.1
1.0000000	ENSE00001760571.1
0.5212055	ENSE00001760697.1
0.1000000	ENSE00001761045.1
0.1000000	ENSE00001761435.1
1.0000000	ENSE00001763186.1
0.1000000	ENSE00001763353.1
0.6642971	ENSE00001764315.2
1.0000000	ENSE00001764388.1
1.0000000	ENSE00001764632.1
1.0000000	ENSE00001765361.1
1.0000000	ENSE00001765480.1
0.6512176	ENSE00001765955.2
1.0000000	ENSE00001766044.3
0.2707089	ENSE00001766121.1
1.0000000	ENSE00001767077.1
0.6525235	ENSE00001767298.1
1.0000000	ENSE00001767692.1
0.1000000	ENSE00001768169.1
0.7387518	ENSE00001769363.1
0.3538410	ENSE00001769760.1
0.9378912	ENSE00001769957.2
1.0000000	ENSE00001770092.1
0.7391512	ENSE00001771615.1
0.3655040	ENSE00001774967.1
0.9468199	ENSE00001775070.1
1.0000000	ENSE00001775182.1
1.0000000	ENSE00001775460.1
0.6893863	ENSE00001776356.1
1.0000000	ENSE00001776385.1
0.5831326	ENSE00001776405.1
0.9906844	ENSE00001778675.1
0.1000000	ENSE00001779171.1
0.1000000	ENSE00001779271.1
0.4937983	ENSE00001779732.1
0.8317160	ENSE00001779833.1
0.5006824	ENSE00001780084.1
0.1000000	ENSE00001780377.1
1.0000000	ENSE00001781062.1
0.1000000	ENSE00001782556.1
1.0000000	ENSE00001783100.1
1.0000000	ENSE00001783485.1
1.0000000	ENSE00001783944.1
1.0000000	ENSE00001784600.1
1.0000000	ENSE00001784636.1
0.3713785	ENSE00001785657.1
1.0000000	ENSE00001785723.1
1.0000000	ENSE00001786297.1
0.5488562	ENSE00001786302.1
1.0000000	ENSE00001786323.1
1.0000000	ENSE00001786962.1
1.0000000	ENSE00001788262.1
1.0000000	ENSE00001788293.1
1.0000000	ENSE00001788475.1
1.0000000	ENSE00001788989.1
0.2851918	ENSE00001789102.1
0.9735528	ENSE00001789373.1
1.0000000	ENSE00001789399.1
0.4660223	ENSE00001789758.1
1.0000000	ENSE00001790301.1
1.0000000	ENSE00001790844.1
0.2916613	ENSE00001791116.1
1.0000000	ENSE00001791126.1
1.0000000	ENSE00001791640.1
1.0000000	ENSE00001791670.1
0.1000000	ENSE00001792523.1
1.0000000	ENSE00001793690.1
1.0000000	ENSE00001793749.1
0.1000000	ENSE00001793867.1
0.1573645	ENSE00001796681.1
0.1000000	ENSE00001800400.1
0.1000000	ENSE00001800563.1
1.0000000	ENSE00001801205.3
0.7598501	ENSE00001801377.3
1.0000000	ENSE00001802637.1
1.0000000	ENSE00001804646.1
1.0000000	ENSE00001805607.1
0.4354495	ENSE00001805752.3
0.7329545	ENSE00001806176.1
0.5637637	ENSE00001806369.1
1.0000000	ENSE00001806495.1
1.0000000	ENSE00001809554.2
1.0000000	ENSE00001809781.1
1.0000000	ENSE00001811087.1
1.0000000	ENSE00001811977.1
1.0000000	ENSE00001812104.1
0.1000000	ENSE00001812907.1
1.0000000	ENSE00001814077.1
0.1000000	ENSE00001815998.1
1.0000000	ENSE00001817489.1
0.4490626	ENSE00001817510.1
0.6107738	ENSE00001818754.1
1.0000000	ENSE00001818909.1
1.0000000	ENSE00001819392.2
1.0000000	ENSE00001819907.1
0.2079887	ENSE00001819998.1
0.9766447	ENSE00001820715.1
0.1000000	ENSE00001821018.1
1.0000000	ENSE00001821506.2
1.0000000	ENSE00001821603.1
0.1000000	ENSE00001821781.1
1.0000000	ENSE00001822114.1
0.5622474	ENSE00001822322.1
1.0000000	ENSE00001822471.2
1.0000000	ENSE00001822863.1
1.0000000	ENSE00001823289.1
0.1000000	ENSE00001823647.1
1.0000000	ENSE00001826080.1
0.7585690	ENSE00001826599.1
0.1000000	ENSE00001828016.1
1.0000000	ENSE00001828042.2
0.1000000	ENSE00001828176.1
0.1000000	ENSE00001830734.1
1.0000000	ENSE00001831370.1
1.0000000	ENSE00001831407.1
0.1000000	ENSE00001832529.1
0.2088342	ENSE00001835413.1
1.0000000	ENSE00001835447.1
0.6411494	ENSE00001838323.1
1.0000000	ENSE00001838441.1
1.0000000	ENSE00001838768.2
1.0000000	ENSE00001839380.1
1.0000000	ENSE00001841262.1
0.1000000	ENSE00001841408.2
0.4193916	ENSE00001842722.1
0.4272170	ENSE00001843925.1
0.2534680	ENSE00001846347.1
1.0000000	ENSE00001847131.1
0.4385120	ENSE00001847829.1
0.1000000	ENSE00001850702.1
0.1000000	ENSE00001853011.1
1.0000000	ENSE00001853033.1
1.0000000	ENSE00001853190.1
0.8137068	ENSE00001853708.1
1.0000000	ENSE00001853760.1
1.0000000	ENSE00001855453.1
0.1043587	ENSE00001856160.1
1.0000000	ENSE00001857008.1
1.0000000	ENSE00001858445.1
0.5101976	ENSE00001858859.1
0.3060699	ENSE00001859106.1
1.0000000	ENSE00001859263.2
0.1000000	ENSE00001859522.1
1.0000000	ENSE00001862669.1
1.0000000	ENSE00001863358.1
0.7256609	ENSE00001863596.2
0.5636735	ENSE00001863865.1
0.3168522	ENSE00001863882.1
0.8808209	ENSE00001864243.1
0.1000000	ENSE00001864605.1
0.1000000	ENSE00001865846.1
0.9030953	ENSE00001866306.1
1.0000000	ENSE00001866388.1
1.0000000	ENSE00001866684.1
0.4332719	ENSE00001867183.1
0.1000000	ENSE00001867586.2
0.1257070	ENSE00001867943.1
0.3140014	ENSE00001868226.1
0.1000000	ENSE00001868266.1
0.3086392	ENSE00001868398.1
1.0000000	ENSE00001869096.1
0.8536903	ENSE00001869136.1
1.0000000	ENSE00001869358.1
0.4628720	ENSE00001870020.1
1.0000000	ENSE00001870849.1
1.0000000	ENSE00001871139.2
0.9736777	ENSE00001871440.2
0.1000000	ENSE00001871866.1
0.1270015	ENSE00001872347.1
1.0000000	ENSE00001873182.1
1.0000000	ENSE00001874174.1
0.2899703	ENSE00001874359.1
0.2003736	ENSE00001874473.1
1.0000000	ENSE00001875114.1
0.3167735	ENSE00001875246.1
1.0000000	ENSE00001876775.1
1.0000000	ENSE00001878507.1
1.0000000	ENSE00001878628.1
1.0000000	ENSE00001878727.1
1.0000000	ENSE00001879016.1
0.4876808	ENSE00001879629.1
0.7694212	ENSE00001880392.1
0.2921206	ENSE00001880495.1
1.0000000	ENSE00001880844.2
0.2987929	ENSE00001881517.1
0.7193331	ENSE00001881989.1
1.0000000	ENSE00001884326.1
1.0000000	ENSE00001885296.1
0.1000000	ENSE00001885902.1
0.6296643	ENSE00001885918.1
0.8621752	ENSE00001886553.2
1.0000000	ENSE00001888035.2
1.0000000	ENSE00001888596.1
1.0000000	ENSE00001888625.1
0.3602508	ENSE00001888866.1
1.0000000	ENSE00001889970.1
1.0000000	ENSE00001890068.1
1.0000000	ENSE00001890110.1
0.3598840	ENSE00001890303.1
1.0000000	ENSE00001890320.1
1.0000000	ENSE00001891033.1
0.5758519	ENSE00001891092.1
0.1000000	ENSE00001891478.1
1.0000000	ENSE00001891742.1
1.0000000	ENSE00001892386.1
0.5884637	ENSE00001893249.1
0.1000000	ENSE00001893445.1
0.5317957	ENSE00001893877.1
1.0000000	ENSE00001894232.1
0.4798516	ENSE00001895779.1
1.0000000	ENSE00001896555.1
0.5929195	ENSE00001897561.2
0.1000000	ENSE00001899079.1
0.1000000	ENSE00001899519.1
0.1000000	ENSE00001899625.2
0.4834458	ENSE00001900624.1
1.0000000	ENSE00001900740.1
1.0000000	ENSE00001901196.1
0.1000000	ENSE00001902066.1
0.1000000	ENSE00001902326.1
1.0000000	ENSE00001903124.1
0.1000000	ENSE00001904387.1
1.0000000	ENSE00001904456.1
1.0000000	ENSE00001905671.1
0.8807318	ENSE00001907353.1
1.0000000	ENSE00001907911.1
1.0000000	ENSE00001907996.1
0.9238219	ENSE00001910040.1
1.0000000	ENSE00001910154.1
0.1000000	ENSE00001910364.2
1.0000000	ENSE00001912025.2
1.0000000	ENSE00001912319.1
0.7439841	ENSE00001912465.2
0.1855174	ENSE00001912539.1
1.0000000	ENSE00001912897.2
1.0000000	ENSE00001913165.1
1.0000000	ENSE00001913802.1
0.2655220	ENSE00001914792.2
1.0000000	ENSE00001915887.2
0.6168137	ENSE00001917605.1
0.1000000	ENSE00001918629.1
1.0000000	ENSE00001919104.1
0.1000000	ENSE00001919132.2
0.8691030	ENSE00001919531.1
0.1000000	ENSE00001920048.1
1.0000000	ENSE00001921172.1
0.1000000	ENSE00001921313.1
0.6178453	ENSE00001922094.2
0.1000000	ENSE00001922545.2
0.1000000	ENSE00001923532.1
1.0000000	ENSE00001923909.1
0.9602367	ENSE00001924106.1
0.8483215	ENSE00001924121.2
1.0000000	ENSE00001925016.2
0.2265342	ENSE00001925078.1
1.0000000	ENSE00001925660.1
0.1000000	ENSE00001926924.1
0.1000000	ENSE00001927741.1
0.6182269	ENSE00001928295.1
0.1000000	ENSE00001928329.1
0.2613981	ENSE00001928722.1
0.1000000	ENSE00001928960.2
0.1000000	ENSE00001930108.1
1.0000000	ENSE00001930126.1
0.1000000	ENSE00001930588.1
0.1066984	ENSE00001931474.2
1.0000000	ENSE00001931521.1
1.0000000	ENSE00001931696.1
1.0000000	ENSE00001933006.1
0.1000000	ENSE00001933052.1
1.0000000	ENSE00001933137.2
0.1000000	ENSE00001933477.1
0.5224693	ENSE00001933958.1
0.1000000	ENSE00001934537.1
1.0000000	ENSE00001934865.1
1.0000000	ENSE00001934927.2
1.0000000	ENSE00001935335.1
0.9807607	ENSE00001935576.1
0.6022919	ENSE00001936327.1
0.4089318	ENSE00001936573.1
0.1399626	ENSE00001936763.1
1.0000000	ENSE00001938536.1
0.6937433	ENSE00001940886.1
0.1000000	ENSE00001941123.1
1.0000000	ENSE00001941936.1
1.0000000	ENSE00001942509.1
0.1000000	ENSE00001942741.1
0.3190213	ENSE00001942959.1
0.1000000	ENSE00001943587.1
1.0000000	ENSE00001943947.2
1.0000000	ENSE00001944726.1
0.1000000	ENSE00001945629.1
1.0000000	ENSE00001948373.2
1.0000000	ENSE00001948460.1
1.0000000	ENSE00001948694.2
1.0000000	ENSE00001950146.1
1.0000000	ENSE00001950331.1
0.1064256	ENSE00001950364.1
0.4711108	ENSE00001950791.1
0.2393920	ENSE00001951801.1
1.0000000	ENSE00001952034.1
0.1000000	ENSE00001952517.1
0.7689846	ENSE00001952637.1
1.0000000	ENSE00001953061.1
1.0000000	ENSE00001953421.1
1.0000000	ENSE00001955119.1
1.0000000	ENSE00001955316.1
0.1000000	ENSE00001955518.1
0.1576800	ENSE00001957440.1
1.0000000	ENSE00002022846.1
0.6635684	ENSE00002090563.1
1.0000000	ENSE00002094172.1
0.1000000	ENSE00002105609.1
1.0000000	ENSE00002110016.1
1.0000000	ENSE00002114368.1
0.7651266	ENSE00002122873.1
0.7094135	ENSE00002124203.1
1.0000000	ENSE00002124436.1
0.7648632	ENSE00002126153.1
1.0000000	ENSE00002131400.1
0.1000000	ENSE00002131521.1
0.4448151	ENSE00002140044.1
0.3158512	ENSE00002140155.1
0.1000000	ENSE00002150255.1
1.0000000	ENSE00002157127.1
1.0000000	ENSE00002160550.1
1.0000000	ENSE00002163781.1
1.0000000	ENSE00002169480.1
0.5436293	ENSE00002169655.1
0.8165603	ENSE00002170185.1
0.1000000	ENSE00002170820.1
1.0000000	ENSE00002172679.2
1.0000000	ENSE00002183495.1
1.0000000	ENSE00002184079.1
1.0000000	ENSE00002185134.1
1.0000000	ENSE00002189578.1
0.1980435	ENSE00002191298.1
0.5664936	ENSE00002192535.1
0.1795179	ENSE00002195998.1
1.0000000	ENSE00002196555.1
0.1000000	ENSE00002201540.1
0.4017593	ENSE00002201895.1
1.0000000	ENSE00002208454.2
0.7742321	ENSE00002209788.1
1.0000000	ENSE00002211365.2
1.0000000	ENSE00002211368.1
1.0000000	ENSE00002212410.1
1.0000000	ENSE00002214313.1
1.0000000	ENSE00002220516.1
0.6092715	ENSE00002221744.2
0.5758382	ENSE00002226383.2
1.0000000	ENSE00002227968.2
1.0000000	ENSE00002228200.1
1.0000000	ENSE00002228746.1
1.0000000	ENSE00002229091.2
1.0000000	ENSE00002229157.1
1.0000000	ENSE00002233105.1
1.0000000	ENSE00002234849.2
0.9971782	ENSE00002235387.1
1.0000000	ENSE00002236298.2
0.4898269	ENSE00002237457.1
0.1000000	ENSE00002241379.2
1.0000000	ENSE00002243097.1
0.1000000	ENSE00002244489.1
1.0000000	ENSE00002247239.2
1.0000000	ENSE00002251727.1
1.0000000	ENSE00002253616.1
1.0000000	ENSE00002253904.1
1.0000000	ENSE00002260227.1
0.1000000	ENSE00002260513.1
1.0000000	ENSE00002262126.1
1.0000000	ENSE00002263293.1
0.8052884	ENSE00002264869.1
1.0000000	ENSE00002266607.1
1.0000000	ENSE00002267748.1
1.0000000	ENSE00002270753.1
0.9220264	ENSE00002272183.1
1.0000000	ENSE00002275312.1
0.4668593	ENSE00002281185.1
1.0000000	ENSE00002282199.1
0.1000000	ENSE00002283485.2
1.0000000	ENSE00002284748.1
1.0000000	ENSE00002289331.1
0.4619664	ENSE00002293031.1
0.1000000	ENSE00002294045.2
1.0000000	ENSE00002297186.2
0.8710806	ENSE00002298690.2
1.0000000	ENSE00002300882.1
1.0000000	ENSE00002303515.1
0.3629239	ENSE00002305718.2
1.0000000	ENSE00002305808.1
0.1000000	ENSE00002305826.1
1.0000000	ENSE00002308099.2
0.4425924	ENSE00002314763.1
1.0000000	ENSE00002316723.1
0.1000000	ENSE00002318175.2
0.6328747	ENSE00002318831.2
0.8985038	ENSE00002318981.1
0.1000000	ENSE00002321395.1
0.1000000	ENSE00002586476.1
0.1000000	ENSE00002621883.1
1.0000000	ENSE00002627353.1
0.1000000	ENSE00002686250.1
1.0000000	ENSE00002701563.1
0.1000000	ENSE00002702355.1
1.0000000	ENSE00002702764.1
0.7049049	ENSE00002704235.1
0.6508701	ENSE00002707085.1
1.0000000	ENSE00002711173.1
0.1000000	ENSE00002712977.1
0.1000000	ENSE00002717684.1
0.1000000	ENSE00002718246.1
0.1000000	ENSE00002726528.1
0.8592477	ENSE00002726900.1
0.1000000	ENSE00002986130.2
0.1000000	ENSE00003010894.1
1.0000000	ENSE00003027250.1
1.0000000	ENSE00003047884.1
1.0000000	ENSE00003069353.1
1.0000000	ENSE00003074422.1
1.0000000	ENSE00003114525.1
0.3672981	ENSE00003147666.1
0.1000000	ENSE00003181404.1
1.0000000	ENSE00003202160.1
1.0000000	ENSE00003218837.1
0.6662916	ENSE00003293049.1
1.0000000	ENSE00003302869.1
0.8550553	ENSE00003315621.1
1.0000000	ENSE00003319515.2
1.0000000	ENSE00003329874.1
0.1000000	ENSE00003404776.1
0.6936317	ENSE00003407254.1
0.2177245	ENSE00003434101.1
0.1000000	ENSE00003458439.1
1.0000000	ENSE00003459182.1
0.4357272	ENSE00003459606.1
1.0000000	ENSE00003459752.1
1.0000000	ENSE00003459880.1
1.0000000	ENSE00003459881.1
0.1000000	ENSE00003460333.1
1.0000000	ENSE00003461009.1
0.1000000	ENSE00003461148.1
0.3030564	ENSE00003461179.1
1.0000000	ENSE00003461315.1
0.1000000	ENSE00003462222.1
1.0000000	ENSE00003462892.1
1.0000000	ENSE00003462912.1
0.1000000	ENSE00003463463.1
1.0000000	ENSE00003463648.1
1.0000000	ENSE00003463897.1
0.6125645	ENSE00003464315.1
1.0000000	ENSE00003464717.1
0.1000000	ENSE00003466979.1
0.4621175	ENSE00003467172.1
1.0000000	ENSE00003467237.1
0.8486058	ENSE00003467588.1
1.0000000	ENSE00003467891.1
1.0000000	ENSE00003467959.1
1.0000000	ENSE00003468204.1
1.0000000	ENSE00003468540.1
1.0000000	ENSE00003468828.1
0.1314828	ENSE00003468976.1
0.1000000	ENSE00003469258.1
0.1000000	ENSE00003469272.1
1.0000000	ENSE00003469583.1
0.3637335	ENSE00003470008.1
0.8088659	ENSE00003470145.1
0.3611352	ENSE00003470434.1
0.8588192	ENSE00003470694.1
1.0000000	ENSE00003470896.1
1.0000000	ENSE00003471332.1
0.7305862	ENSE00003471807.1
1.0000000	ENSE00003471912.1
1.0000000	ENSE00003472001.1
0.1000000	ENSE00003472052.1
0.7057669	ENSE00003472879.1
1.0000000	ENSE00003473731.1
0.1083455	ENSE00003474106.1
0.1000000	ENSE00003474733.1
0.9954650	ENSE00003475192.1
1.0000000	ENSE00003475277.1
0.1000000	ENSE00003475335.1
1.0000000	ENSE00003475384.1
0.6803039	ENSE00003475437.1
1.0000000	ENSE00003475615.1
1.0000000	ENSE00003475919.1
1.0000000	ENSE00003476618.1
0.1000000	ENSE00003476881.1
1.0000000	ENSE00003476993.1
1.0000000	ENSE00003477104.1
1.0000000	ENSE00003477430.1
0.1000000	ENSE00003478041.1
0.1000000	ENSE00003478054.1
1.0000000	ENSE00003478456.1
1.0000000	ENSE00003478470.1
1.0000000	ENSE00003479083.1
1.0000000	ENSE00003479375.1
1.0000000	ENSE00003479690.1
1.0000000	ENSE00003479746.1
0.6635529	ENSE00003480167.1
0.5587355	ENSE00003480463.1
1.0000000	ENSE00003480959.1
0.9777448	ENSE00003481492.1
0.2033645	ENSE00003481498.1
0.8618437	ENSE00003481581.1
1.0000000	ENSE00003481621.1
0.1000000	ENSE00003481819.1
0.1748325	ENSE00003482647.2
1.0000000	ENSE00003482905.1
1.0000000	ENSE00003483268.1
1.0000000	ENSE00003483426.1
0.2975620	ENSE00003484063.1
1.0000000	ENSE00003484141.1
1.0000000	ENSE00003484183.1
1.0000000	ENSE00003484719.1
0.4153689	ENSE00003484797.1
0.3319035	ENSE00003484813.1
1.0000000	ENSE00003485295.1
1.0000000	ENSE00003485448.1
0.1000000	ENSE00003485611.1
0.3176462	ENSE00003486277.1
0.1000000	ENSE00003487465.1
0.1643306	ENSE00003488245.1
0.1656753	ENSE00003488661.1
1.0000000	ENSE00003489189.1
1.0000000	ENSE00003489227.1
1.0000000	ENSE00003489587.1
1.0000000	ENSE00003489775.1
0.1000000	ENSE00003490024.1
0.1000000	ENSE00003490462.1
1.0000000	ENSE00003490646.1
1.0000000	ENSE00003491057.1
0.3119140	ENSE00003491918.1
0.1000000	ENSE00003492260.1
0.1000000	ENSE00003492826.1
0.5658203	ENSE00003492935.1
1.0000000	ENSE00003493325.1
0.3358316	ENSE00003493549.1
1.0000000	ENSE00003493740.1
0.5764065	ENSE00003494250.1
0.9335635	ENSE00003494338.1
1.0000000	ENSE00003494672.1
0.1000000	ENSE00003495195.1
1.0000000	ENSE00003495450.1
0.5934413	ENSE00003495574.1
1.0000000	ENSE00003495682.1
0.1000000	ENSE00003496443.1
1.0000000	ENSE00003496999.1
0.1000000	ENSE00003497239.1
1.0000000	ENSE00003498316.1
0.1000000	ENSE00003498773.1
0.9213226	ENSE00003498903.1
1.0000000	ENSE00003499198.1
0.5140453	ENSE00003500030.1
1.0000000	ENSE00003500096.1
0.5066752	ENSE00003500099.1
0.1000000	ENSE00003500239.1
1.0000000	ENSE00003500419.1
0.1000000	ENSE00003500501.1
1.0000000	ENSE00003500521.1
0.1000000	ENSE00003500585.1
1.0000000	ENSE00003500698.1
1.0000000	ENSE00003500971.1
1.0000000	ENSE00003501032.1
1.0000000	ENSE00003501060.1
1.0000000	ENSE00003501202.1
0.9880153	ENSE00003501464.1
1.0000000	ENSE00003501965.1
1.0000000	ENSE00003502901.1
1.0000000	ENSE00003503227.1
0.4376422	ENSE00003503259.1
0.1000000	ENSE00003503466.1
0.3133450	ENSE00003503630.1
1.0000000	ENSE00003504164.1
0.1000000	ENSE00003504199.1
0.6006912	ENSE00003504474.1
0.1000000	ENSE00003504746.1
0.1000000	ENSE00003505088.1
1.0000000	ENSE00003506436.1
0.6684681	ENSE00003506785.1
1.0000000	ENSE00003506799.1
0.2658100	ENSE00003506885.1
0.5847095	ENSE00003506947.1
1.0000000	ENSE00003507052.1
0.3479461	ENSE00003507156.1
0.6871378	ENSE00003507325.1
0.2526162	ENSE00003507335.1
0.1000000	ENSE00003508021.1
1.0000000	ENSE00003509467.1
0.1000000	ENSE00003509890.1
1.0000000	ENSE00003510019.1
0.9987105	ENSE00003510287.1
0.4379088	ENSE00003510305.1
0.1000000	ENSE00003510681.1
1.0000000	ENSE00003510785.1
0.9286413	ENSE00003510961.1
1.0000000	ENSE00003511128.1
1.0000000	ENSE00003511538.1
1.0000000	ENSE00003512288.1
0.4225200	ENSE00003512431.1
1.0000000	ENSE00003512857.1
0.8833905	ENSE00003513264.1
1.0000000	ENSE00003513576.1
0.8204669	ENSE00003513781.1
0.7737139	ENSE00003513782.1
1.0000000	ENSE00003514231.1
1.0000000	ENSE00003514433.1
1.0000000	ENSE00003514527.1
0.6097869	ENSE00003514540.1
0.1000000	ENSE00003515150.1
1.0000000	ENSE00003515172.1
0.9412212	ENSE00003515438.1
1.0000000	ENSE00003516453.1
0.2777920	ENSE00003516508.1
0.1000000	ENSE00003517090.1
0.1000000	ENSE00003517362.1
0.7789418	ENSE00003517600.1
0.1000000	ENSE00003517745.1
0.6243411	ENSE00003517797.1
0.1000000	ENSE00003517916.1
1.0000000	ENSE00003518581.1
0.6992392	ENSE00003519412.1
1.0000000	ENSE00003519888.1
0.7460490	ENSE00003519925.1
1.0000000	ENSE00003520003.1
0.1000000	ENSE00003520161.1
0.5821122	ENSE00003520317.1
1.0000000	ENSE00003520354.2
0.8942229	ENSE00003520605.1
1.0000000	ENSE00003521643.1
1.0000000	ENSE00003522085.1
1.0000000	ENSE00003522597.1
0.1000000	ENSE00003522819.1
1.0000000	ENSE00003522852.1
0.1000000	ENSE00003522891.1
0.4748389	ENSE00003522899.1
0.1000000	ENSE00003523935.1
0.4270009	ENSE00003523990.2
1.0000000	ENSE00003524222.1
0.1000000	ENSE00003524230.1
1.0000000	ENSE00003524346.1
1.0000000	ENSE00003524750.1
1.0000000	ENSE00003525399.1
1.0000000	ENSE00003527070.1
0.7236242	ENSE00003528150.1
0.7904222	ENSE00003528336.1
1.0000000	ENSE00003528410.1
1.0000000	ENSE00003529161.1
1.0000000	ENSE00003529242.1
0.7172802	ENSE00003529363.1
1.0000000	ENSE00003530571.1
0.7228311	ENSE00003530802.1
1.0000000	ENSE00003530956.1
0.1000000	ENSE00003531089.1
0.4665001	ENSE00003531547.1
1.0000000	ENSE00003531789.1
0.9764471	ENSE00003532194.1
1.0000000	ENSE00003532349.1
0.9828126	ENSE00003532430.1
1.0000000	ENSE00003532766.1
0.1000000	ENSE00003532868.1
1.0000000	ENSE00003534685.1
1.0000000	ENSE00003534721.1
1.0000000	ENSE00003535408.1
1.0000000	ENSE00003535897.1
1.0000000	ENSE00003536486.1
0.1000000	ENSE00003536680.1
1.0000000	ENSE00003536690.1
1.0000000	ENSE00003537013.1
1.0000000	ENSE00003537221.1
1.0000000	ENSE00003537288.1
1.0000000	ENSE00003537456.1
0.3496029	ENSE00003537948.1
0.7551794	ENSE00003538396.1
1.0000000	ENSE00003539446.1
0.7794712	ENSE00003540345.1
0.1079122	ENSE00003540571.1
1.0000000	ENSE00003541163.1
1.0000000	ENSE00003541358.1
0.9815079	ENSE00003541600.1
0.1451878	ENSE00003541834.1
0.4062309	ENSE00003541854.1
1.0000000	ENSE00003542301.1
1.0000000	ENSE00003542330.1
0.3155027	ENSE00003542495.1
0.1000000	ENSE00003542669.1
0.1000000	ENSE00003542966.1
1.0000000	ENSE00003543004.1
0.7619928	ENSE00003543340.1
1.0000000	ENSE00003543397.1
0.1446061	ENSE00003543621.1
1.0000000	ENSE00003543890.1
0.7076809	ENSE00003544100.1
1.0000000	ENSE00003544206.1
1.0000000	ENSE00003544730.1
1.0000000	ENSE00003544777.1
1.0000000	ENSE00003544958.1
1.0000000	ENSE00003545132.1
1.0000000	ENSE00003545195.1
1.0000000	ENSE00003545702.1
1.0000000	ENSE00003546263.1
1.0000000	ENSE00003546276.1
0.9920659	ENSE00003546334.1
1.0000000	ENSE00003546475.1
0.1000000	ENSE00003546875.1
1.0000000	ENSE00003547059.1
1.0000000	ENSE00003547565.1
0.1000000	ENSE00003548304.1
0.1000000	ENSE00003548479.1
1.0000000	ENSE00003548813.1
1.0000000	ENSE00003548980.1
0.1000000	ENSE00003550160.1
0.6516248	ENSE00003550235.1
1.0000000	ENSE00003550900.1
0.1000000	ENSE00003551000.1
1.0000000	ENSE00003551875.1
0.1019513	ENSE00003552089.1
1.0000000	ENSE00003552207.1
1.0000000	ENSE00003552780.1
0.1000000	ENSE00003553169.1
0.1000000	ENSE00003553290.1
0.3575982	ENSE00003553374.1
0.8315287	ENSE00003554166.1
0.9491666	ENSE00003554214.1
1.0000000	ENSE00003554489.2
0.1738411	ENSE00003554556.1
1.0000000	ENSE00003554653.1
1.0000000	ENSE00003555744.1
1.0000000	ENSE00003555811.1
1.0000000	ENSE00003556850.1
0.5620030	ENSE00003557622.1
0.1000000	ENSE00003557895.1
1.0000000	ENSE00003557981.1
1.0000000	ENSE00003558264.1
0.1000000	ENSE00003558741.1
0.3442662	ENSE00003558761.1
1.0000000	ENSE00003558877.1
1.0000000	ENSE00003559129.1
1.0000000	ENSE00003559186.1
1.0000000	ENSE00003559307.1
1.0000000	ENSE00003559403.1
0.1000000	ENSE00003559934.1
0.5298383	ENSE00003560258.1
0.1295193	ENSE00003561019.1
0.8834074	ENSE00003562074.1
0.5941733	ENSE00003562600.1
0.4937881	ENSE00003564066.1
0.8702016	ENSE00003564789.1
0.1000000	ENSE00003565692.1
1.0000000	ENSE00003565736.2
1.0000000	ENSE00003565821.1
0.1000000	ENSE00003565999.1
1.0000000	ENSE00003566192.1
0.5999944	ENSE00003566293.1
1.0000000	ENSE00003566738.1
1.0000000	ENSE00003566864.1
0.4943135	ENSE00003567693.1
0.8108510	ENSE00003568313.1
0.2334663	ENSE00003569600.1
0.1000000	ENSE00003569918.1
1.0000000	ENSE00003570381.1
1.0000000	ENSE00003570612.1
0.6718774	ENSE00003571034.1
1.0000000	ENSE00003571352.1
1.0000000	ENSE00003571606.1
0.1000000	ENSE00003571832.1
1.0000000	ENSE00003571875.1
1.0000000	ENSE00003571959.1
0.1000000	ENSE00003572270.1
1.0000000	ENSE00003572349.1
0.1147421	ENSE00003572388.1
0.3377857	ENSE00003572758.1
0.1000000	ENSE00003572843.1
0.1000000	ENSE00003573459.1
1.0000000	ENSE00003574035.1
1.0000000	ENSE00003574182.1
0.6309182	ENSE00003574188.1
1.0000000	ENSE00003574834.1
1.0000000	ENSE00003574963.1
1.0000000	ENSE00003575045.1
0.3498039	ENSE00003575368.1
0.4652488	ENSE00003575390.1
0.6860739	ENSE00003575735.1
0.7161343	ENSE00003576359.1
1.0000000	ENSE00003576663.1
0.4433820	ENSE00003577218.1
0.1000000	ENSE00003577317.1
0.7967528	ENSE00003579010.1
0.1000000	ENSE00003579217.1
0.1000000	ENSE00003579259.1
0.1000000	ENSE00003579610.1
0.3443192	ENSE00003580695.1
1.0000000	ENSE00003580818.1
0.9056848	ENSE00003581527.1
0.1000000	ENSE00003581786.1
1.0000000	ENSE00003581847.1
0.5688818	ENSE00003582424.1
1.0000000	ENSE00003582605.1
1.0000000	ENSE00003582818.1
1.0000000	ENSE00003583002.1
0.5836088	ENSE00003583377.2
1.0000000	ENSE00003583696.1
0.2822118	ENSE00003583901.1
1.0000000	ENSE00003584173.1
0.9740966	ENSE00003585049.1
0.1000000	ENSE00003585272.1
1.0000000	ENSE00003585288.1
1.0000000	ENSE00003585348.1
1.0000000	ENSE00003585628.1
1.0000000	ENSE00003585910.1
0.7963032	ENSE00003586137.1
0.1000000	ENSE00003586159.1
0.7724401	ENSE00003586278.1
1.0000000	ENSE00003586730.1
1.0000000	ENSE00003586799.1
1.0000000	ENSE00003587244.1
1.0000000	ENSE00003587316.1
0.9356395	ENSE00003587489.1
1.0000000	ENSE00003587595.1
0.3680204	ENSE00003588059.1
0.1000000	ENSE00003588156.1
1.0000000	ENSE00003588928.1
0.1000000	ENSE00003589411.1
0.6830417	ENSE00003589730.1
1.0000000	ENSE00003590537.1
0.5888091	ENSE00003591207.1
0.1000000	ENSE00003591424.1
1.0000000	ENSE00003592544.1
0.2031358	ENSE00003592659.1
0.1000000	ENSE00003593903.1
1.0000000	ENSE00003594100.1
0.4210887	ENSE00003595579.1
1.0000000	ENSE00003595632.1
1.0000000	ENSE00003595854.1
0.1000000	ENSE00003595954.1
0.5559790	ENSE00003595969.1
1.0000000	ENSE00003596252.1
1.0000000	ENSE00003596647.3
1.0000000	ENSE00003596683.1
1.0000000	ENSE00003598091.1
0.1000000	ENSE00003598300.1
0.1000000	ENSE00003598370.1
0.1000000	ENSE00003598440.1
1.0000000	ENSE00003598782.1
0.1000000	ENSE00003599424.1
1.0000000	ENSE00003599445.1
1.0000000	ENSE00003599513.1
0.4603086	ENSE00003599610.1
1.0000000	ENSE00003599771.1
0.1000000	ENSE00003600163.1
1.0000000	ENSE00003600264.1
0.8493102	ENSE00003600413.1
1.0000000	ENSE00003600820.1
0.4968009	ENSE00003600880.1
0.1000000	ENSE00003601097.1
0.6579272	ENSE00003601261.1
1.0000000	ENSE00003601769.1
0.1000000	ENSE00003602204.1
0.1000000	ENSE00003602381.1
1.0000000	ENSE00003602886.1
1.0000000	ENSE00003603007.1
1.0000000	ENSE00003603133.1
0.4394689	ENSE00003603509.1
1.0000000	ENSE00003603713.1
0.8363154	ENSE00003603744.1
0.4603833	ENSE00003604041.1
0.1000000	ENSE00003604182.1
1.0000000	ENSE00003604499.1
0.1000000	ENSE00003604510.1
1.0000000	ENSE00003604543.1
0.1000000	ENSE00003604840.1
1.0000000	ENSE00003605795.1
0.1000000	ENSE00003605982.1
0.4865083	ENSE00003607157.1
0.1000000	ENSE00003607298.1
0.3737436	ENSE00003607523.1
1.0000000	ENSE00003607732.1
1.0000000	ENSE00003607952.1
1.0000000	ENSE00003607956.1
0.5954340	ENSE00003608396.1
0.2985298	ENSE00003609267.1
0.1000000	ENSE00003609286.1
1.0000000	ENSE00003609295.1
0.1000000	ENSE00003609643.1
1.0000000	ENSE00003609761.1
1.0000000	ENSE00003609786.1
0.1000000	ENSE00003609972.1
1.0000000	ENSE00003610485.1
0.9496615	ENSE00003610716.1
1.0000000	ENSE00003610890.1
1.0000000	ENSE00003611384.1
1.0000000	ENSE00003612673.1
1.0000000	ENSE00003613399.1
1.0000000	ENSE00003613558.1
0.2862367	ENSE00003613578.1
0.1665447	ENSE00003614772.1
1.0000000	ENSE00003614809.1
0.1000000	ENSE00003616731.1
0.1565721	ENSE00003617628.1
0.1825505	ENSE00003617777.1
1.0000000	ENSE00003617828.1
0.1000000	ENSE00003617989.1
0.4924393	ENSE00003618649.1
1.0000000	ENSE00003619119.1
0.2221019	ENSE00003619284.1
0.7899066	ENSE00003619832.1
1.0000000	ENSE00003619908.1
1.0000000	ENSE00003619918.1
1.0000000	ENSE00003620057.1
1.0000000	ENSE00003620129.1
0.9032278	ENSE00003620430.1
1.0000000	ENSE00003620574.1
1.0000000	ENSE00003621088.1
1.0000000	ENSE00003621118.1
1.0000000	ENSE00003621233.1
0.7022864	ENSE00003621237.1
0.1081769	ENSE00003621367.1
0.1000000	ENSE00003621393.1
1.0000000	ENSE00003621645.1
1.0000000	ENSE00003621751.1
1.0000000	ENSE00003621795.1
1.0000000	ENSE00003622097.1
0.1000000	ENSE00003622684.1
0.5943785	ENSE00003622898.1
0.1000000	ENSE00003623478.1
1.0000000	ENSE00003623562.1
1.0000000	ENSE00003623627.1
0.1000000	ENSE00003623948.1
1.0000000	ENSE00003624759.1
1.0000000	ENSE00003624959.1
0.7498227	ENSE00003625079.1
1.0000000	ENSE00003625094.1
1.0000000	ENSE00003625159.1
0.1000000	ENSE00003625845.1
1.0000000	ENSE00003626169.1
1.0000000	ENSE00003627849.1
1.0000000	ENSE00003628747.1
0.1000000	ENSE00003628874.1
0.8976308	ENSE00003629051.1
0.1000000	ENSE00003629727.1
1.0000000	ENSE00003630811.1
0.8883827	ENSE00003631011.1
1.0000000	ENSE00003631796.1
0.2792293	ENSE00003631909.1
0.1000000	ENSE00003632011.1
1.0000000	ENSE00003632272.1
0.3493463	ENSE00003632693.1
0.7650380	ENSE00003632706.1
0.2691472	ENSE00003632758.1
0.1000000	ENSE00003633160.1
1.0000000	ENSE00003633174.1
1.0000000	ENSE00003633471.1
0.4606950	ENSE00003633797.1
1.0000000	ENSE00003634423.1
1.0000000	ENSE00003634706.1
1.0000000	ENSE00003634861.1
0.1000000	ENSE00003635128.1
0.9295629	ENSE00003635437.1
0.1000000	ENSE00003635655.1
0.1000000	ENSE00003635974.1
1.0000000	ENSE00003636173.1
1.0000000	ENSE00003636453.1
0.1000000	ENSE00003636520.1
0.1049012	ENSE00003636577.1
0.5847517	ENSE00003636628.1
1.0000000	ENSE00003636690.1
1.0000000	ENSE00003636731.1
0.6000009	ENSE00003636743.1
1.0000000	ENSE00003636788.1
1.0000000	ENSE00003637305.1
1.0000000	ENSE00003637628.1
0.7258848	ENSE00003637918.1
0.2908913	ENSE00003638625.1
1.0000000	ENSE00003638877.1
1.0000000	ENSE00003638954.1
1.0000000	ENSE00003639197.1
1.0000000	ENSE00003639427.1
1.0000000	ENSE00003639527.1
1.0000000	ENSE00003639868.1
0.1000000	ENSE00003640155.1
0.1000000	ENSE00003640454.1
1.0000000	ENSE00003640880.1
1.0000000	ENSE00003641245.1
1.0000000	ENSE00003641576.1
1.0000000	ENSE00003641744.1
1.0000000	ENSE00003641827.1
0.1000000	ENSE00003642024.1
0.7940236	ENSE00003642772.2
0.1000000	ENSE00003643443.1
0.7053378	ENSE00003643511.1
1.0000000	ENSE00003643793.1
1.0000000	ENSE00003644372.1
1.0000000	ENSE00003644474.1
0.6077962	ENSE00003644729.1
1.0000000	ENSE00003644851.1
0.1000000	ENSE00003644993.1
0.2754234	ENSE00003645017.1
0.5584972	ENSE00003645073.1
0.1392228	ENSE00003645419.1
1.0000000	ENSE00003645687.1
1.0000000	ENSE00003647508.1
0.6377511	ENSE00003648101.1
0.2611889	ENSE00003648350.1
0.1000000	ENSE00003648689.1
0.1000000	ENSE00003648916.1
0.4994673	ENSE00003649398.1
0.1000000	ENSE00003649913.1
1.0000000	ENSE00003650108.1
1.0000000	ENSE00003650233.1
1.0000000	ENSE00003650489.1
1.0000000	ENSE00003650622.1
1.0000000	ENSE00003651291.1
1.0000000	ENSE00003651776.1
1.0000000	ENSE00003651781.1
1.0000000	ENSE00003652143.1
1.0000000	ENSE00003652368.1
1.0000000	ENSE00003653127.1
0.1000000	ENSE00003653565.1
0.2337004	ENSE00003653733.1
0.1000000	ENSE00003653947.1
1.0000000	ENSE00003653957.1
0.3132084	ENSE00003654206.1
1.0000000	ENSE00003654681.1
0.1000000	ENSE00003654889.1
0.7721805	ENSE00003655048.1
0.1000000	ENSE00003655221.1
1.0000000	ENSE00003655495.1
1.0000000	ENSE00003655964.1
0.8940256	ENSE00003656373.1
0.7164125	ENSE00003657384.1
1.0000000	ENSE00003657943.1
0.1000000	ENSE00003658438.1
1.0000000	ENSE00003658469.1
1.0000000	ENSE00003658608.1
0.2901703	ENSE00003658721.1
1.0000000	ENSE00003658771.1
0.1000000	ENSE00003659194.1
1.0000000	ENSE00003659207.1
1.0000000	ENSE00003659293.1
1.0000000	ENSE00003659301.1
1.0000000	ENSE00003659399.1
0.1000000	ENSE00003659814.1
0.1000000	ENSE00003660380.1
0.1000000	ENSE00003661171.1
0.1000000	ENSE00003661181.1
0.1000000	ENSE00003661340.1
1.0000000	ENSE00003661517.1
0.1000000	ENSE00003661651.1
0.7979619	ENSE00003662042.1
0.6329849	ENSE00003662053.1
1.0000000	ENSE00003662060.1
1.0000000	ENSE00003662138.1
0.1000000	ENSE00003662765.1
0.1000000	ENSE00003663212.1
1.0000000	ENSE00003663293.1
0.8517743	ENSE00003663806.1
1.0000000	ENSE00003663916.1
1.0000000	ENSE00003664103.1
1.0000000	ENSE00003664548.2
1.0000000	ENSE00003665547.1
1.0000000	ENSE00003665732.1
0.1000000	ENSE00003666123.1
1.0000000	ENSE00003666195.1
1.0000000	ENSE00003666217.1
0.1000000	ENSE00003667287.1
0.3679975	ENSE00003667813.1
0.3016517	ENSE00003669569.2
1.0000000	ENSE00003669852.1
0.5161526	ENSE00003671066.1
0.1000000	ENSE00003671181.1
0.8441585	ENSE00003671779.1
0.9292287	ENSE00003671880.1
1.0000000	ENSE00003672371.1
1.0000000	ENSE00003672385.1
0.7021393	ENSE00003672446.1
1.0000000	ENSE00003672542.1
0.8595592	ENSE00003672678.1
0.1000000	ENSE00003672959.1
0.7168594	ENSE00003673017.1
0.9129092	ENSE00003673271.1
0.2927714	ENSE00003673315.1
0.1000000	ENSE00003673381.1
0.1000000	ENSE00003673430.1
1.0000000	ENSE00003674069.1
1.0000000	ENSE00003674171.1
0.1000000	ENSE00003674225.1
0.7892365	ENSE00003675354.1
0.1000000	ENSE00003675616.1
0.5416593	ENSE00003675919.1
1.0000000	ENSE00003676079.1
0.1000000	ENSE00003676309.1
1.0000000	ENSE00003676423.1
0.1000000	ENSE00003676543.1
1.0000000	ENSE00003676612.1
0.5824521	ENSE00003676638.1
0.8957871	ENSE00003676974.1
0.1000000	ENSE00003678052.1
1.0000000	ENSE00003678347.1
0.1000000	ENSE00003679404.1
1.0000000	ENSE00003679526.1
1.0000000	ENSE00003679778.1
1.0000000	ENSE00003680503.1
1.0000000	ENSE00003681086.1
1.0000000	ENSE00003681350.1
1.0000000	ENSE00003681393.1
0.8923676	ENSE00003682194.1
1.0000000	ENSE00003682507.1
0.1000000	ENSE00003683329.1
0.1000000	ENSE00003683553.1
1.0000000	ENSE00003683736.1
1.0000000	ENSE00003684155.1
1.0000000	ENSE00003684382.1
0.1651645	ENSE00003684394.1
0.2275212	ENSE00003684408.1
0.1000000	ENSE00003684537.1
1.0000000	ENSE00003684767.1
1.0000000	ENSE00003685468.1
1.0000000	ENSE00003685781.1
1.0000000	ENSE00003685948.1
0.7578186	ENSE00003686113.1
1.0000000	ENSE00003686142.1
0.9797834	ENSE00003686228.1
1.0000000	ENSE00003686481.1
0.7447555	ENSE00003686973.1
0.1000000	ENSE00003687121.1
1.0000000	ENSE00003687225.1
0.1186764	ENSE00003687422.1
1.0000000	ENSE00003687535.1
1.0000000	ENSE00003687593.1
0.3957568	ENSE00003688014.1
0.4724519	ENSE00003688592.1
0.5046369	ENSE00003688877.1
0.6424674	ENSE00003689061.1
0.9792029	ENSE00003689743.1
1.0000000	ENSE00003689909.1
0.4682997	ENSE00003690061.2
0.3642803	ENSE00003690922.1
1.0000000	ENSE00003691081.1
0.7674959	ENSE00003691365.1
0.7903487	ENSE00003691741.1
1.0000000	ENSE00003691787.1
1.0000000	ENSE00003691791.1
1.0000000	ENSE00003692471.1
1.0000000	ENSE00003693308.1
1.0000000	ENSE00003693968.1
1.0000000	ENSE00003695582.1
0.1000000	ENSE00003695898.1
0.4136730	ENSE00003696207.1
1.0000000	ENSE00003697778.1
0.1000000	ENSE00003699284.1
1.0000000	ENSE00003699294.1
0.1000000	ENSE00003700780.1
0.3697987	ENSE00003701473.1
1.0000000	ENSE00003703187.1
0.8510141	ENSE00003703193.1
0.1000000	ENSE00003703465.1
0.8054356	ENSE00003703681.1
0.4839777	ENSE00003704231.1
0.2040683	ENSE00003704600.1
1.0000000	ENSE00003705144.1
1.0000000	ENSE00003705419.1
1.0000000	ENSE00003705462.1
0.9551407	ENSE00003705601.1
0.1000000	ENSE00003705855.1
1.0000000	ENSE00003706137.1
0.8573753	ENSE00003706145.1
0.9026790	ENSE00003706190.1
1.0000000	ENSE00003706500.1
1.0000000	ENSE00003706622.1
0.9480650	ENSE00003706670.1
1.0000000	ENSE00003706961.1
1.0000000	ENSE00003707014.1
0.1000000	ENSE00003707063.1
1.0000000	ENSE00003707483.1
1.0000000	ENSE00003707496.1
0.1000000	ENSE00003707785.1
1.0000000	ENSE00003707943.1
1.0000000	ENSE00003708512.1
0.1000000	ENSE00003708762.1
0.9704188	ENSE00003708852.1
1.0000000	ENSE00003709075.1
1.0000000	ENSE00003709124.1
0.8628290	ENSE00003709140.1
0.2664452	ENSE00003709237.1
0.1000000	ENSE00003709335.1
1.0000000	ENSE00003709552.1
1.0000000	ENSE00003709771.1
1.0000000	ENSE00003709923.1
1.0000000	ENSE00003710049.1
0.5084026	ENSE00003710161.1
1.0000000	ENSE00003710202.1
0.8829957	ENSE00003710361.1
1.0000000	ENSE00003710456.1
1.0000000	ENSE00003710675.1
1.0000000	ENSE00003711029.1
0.1000000	ENSE00003711295.1
1.0000000	ENSE00003711405.1
1.0000000	ENSE00003711449.1
1.0000000	ENSE00003711627.1
0.7361038	ENSE00003711880.1
0.7407100	ENSE00003712164.1
1.0000000	ENSE00003712242.1
1.0000000	ENSE00003712535.2
1.0000000	ENSE00003712669.1
0.6548851	ENSE00003712900.1
1.0000000	ENSE00003712901.1
1.0000000	ENSE00003713586.1
1.0000000	ENSE00003713601.1
1.0000000	ENSE00003713636.1
0.5562057	ENSE00003713793.1
0.7592218	ENSE00003713797.1
1.0000000	ENSE00003713811.1
0.9509650	ENSE00003714169.1
0.1342532	ENSE00003714692.1
0.1000000	ENSE00003714754.1
1.0000000	ENSE00003715202.1
0.1000000	ENSE00003715351.1
0.1000000	ENSE00003715552.1
0.9516523	ENSE00003715712.1
0.1000000	ENSE00003715856.1
1.0000000	ENSE00003716161.1
1.0000000	ENSE00003716193.1
0.5303951	ENSE00003716368.1
1.0000000	ENSE00003716972.1
0.1769404	ENSE00003717179.1
0.4974586	ENSE00003717180.1
0.1000000	ENSE00003717332.1
1.0000000	ENSE00003717596.1
0.1000000	ENSE00003717673.1
1.0000000	ENSE00003717777.1
0.8558331	ENSE00003718448.1
0.3153096	ENSE00003718471.1
0.1000000	ENSE00003718843.2
0.1000000	ENSE00003719464.1
1.0000000	ENSE00003719855.1
0.9696600	ENSE00003719892.1
0.8879577	ENSE00003720590.1
0.9276955	ENSE00003720855.1
1.0000000	ENSE00003721060.1
1.0000000	ENSE00003721167.1
0.6034443	ENSE00003722569.1
0.1111935	ENSE00003722749.1
0.9461161	ENSE00003722766.1
0.1000000	ENSE00003723315.1
0.3294342	ENSE00003723681.1
0.8887564	ENSE00003724138.1
1.0000000	ENSE00003724153.1
0.1000000	ENSE00003724196.1
1.0000000	ENSE00003724433.1
0.6859762	ENSE00003724464.1
0.1000000	ENSE00003724563.1
0.2395322	ENSE00003724627.1
1.0000000	ENSE00003724745.1
0.1000000	ENSE00003724875.1
1.0000000	ENSE00003724990.1
1.0000000	ENSE00003725802.1
0.7551843	ENSE00003726351.1
0.4659972	ENSE00003727446.2
1.0000000	ENSE00003728088.1
1.0000000	ENSE00003728101.1
1.0000000	ENSE00003728452.1
0.3957443	ENSE00003728617.1
1.0000000	ENSE00003728833.3
0.6089684	ENSE00003729206.1
0.4376565	ENSE00003729246.1
0.9336265	ENSE00003729297.1
0.8066373	ENSE00003729450.1
0.8754693	ENSE00003729538.1
1.0000000	ENSE00003729632.1
1.0000000	ENSE00003729807.1
1.0000000	ENSE00003729822.1
0.6443160	ENSE00003730001.1
0.1000000	ENSE00003730428.1
0.4733267	ENSE00003730541.2
1.0000000	ENSE00003730700.1
0.1620730	ENSE00003731129.1
1.0000000	ENSE00003731504.1
1.0000000	ENSE00003731761.1
0.1000000	ENSE00003731856.1
1.0000000	ENSE00003731881.1
1.0000000	ENSE00003731886.1
0.9080507	ENSE00003731892.1
1.0000000	ENSE00003732281.1
0.1473830	ENSE00003732306.1
1.0000000	ENSE00003732816.1
0.9518532	ENSE00003732848.1
0.8176780	ENSE00003733075.1
0.8276965	ENSE00003733402.1
0.9763669	ENSE00003733710.2
1.0000000	ENSE00003733727.1
1.0000000	ENSE00003733888.1
1.0000000	ENSE00003734153.1
0.6051278	ENSE00003734361.1
0.1000000	ENSE00003735048.1
1.0000000	ENSE00003735281.1
1.0000000	ENSE00003735400.1
1.0000000	ENSE00003735531.1
1.0000000	ENSE00003735998.1
1.0000000	ENSE00003736239.1
1.0000000	ENSE00003736355.1
1.0000000	ENSE00003736457.1
1.0000000	ENSE00003737948.1
1.0000000	ENSE00003739013.1
1.0000000	ENSE00003739288.1
0.1000000	ENSE00003739784.1
1.0000000	ENSE00003739860.1
1.0000000	ENSE00003739878.1
0.8046464	ENSE00003740135.1
0.7200349	ENSE00003740578.1
1.0000000	ENSE00003740630.2
1.0000000	ENSE00003740655.1
1.0000000	ENSE00003740859.1
0.3512249	ENSE00003741046.1
1.0000000	ENSE00003741386.1
1.0000000	ENSE00003741415.1
1.0000000	ENSE00003741829.1
1.0000000	ENSE00003741957.1
0.7699542	ENSE00003742079.1
0.1000000	ENSE00003742265.1
0.3475066	ENSE00003742277.1
1.0000000	ENSE00003743874.1
0.1000000	ENSE00003743879.1
1.0000000	ENSE00003743912.1
0.1000000	ENSE00003744390.1
1.0000000	ENSE00003744648.1
1.0000000	ENSE00003744671.1
1.0000000	ENSE00003744708.1
0.8793457	ENSE00003745239.1
1.0000000	ENSE00003745292.1
0.1000000	ENSE00003745536.1
1.0000000	ENSE00003746450.1
1.0000000	ENSE00003746662.1
0.1000000	ENSE00003746797.1
1.0000000	ENSE00003747020.1
1.0000000	ENSE00003747296.1
0.5912070	ENSE00003747314.1
0.6571507	ENSE00003747332.1
0.2706196	ENSE00003747399.1
0.2585818	ENSE00003747475.1
1.0000000	ENSE00003747922.1
0.8931300	ENSE00003747963.1
0.9158253	ENSE00003748509.1
1.0000000	ENSE00003748826.1
1.0000000	ENSE00003748916.1
1.0000000	ENSE00003749036.1
0.3976545	ENSE00003749069.1
1.0000000	ENSE00003749368.1
0.4783141	ENSE00003749517.1
1.0000000	ENSE00003749714.1
0.9962201	ENSE00003749936.1
1.0000000	ENSE00003751141.1
0.5609550	ENSE00003751860.1
1.0000000	ENSE00003752696.1
1.0000000	ENSE00003752931.1
1.0000000	ENSE00003753122.1
0.3918140	ENSE00003753164.1
0.1204017	ENSE00003753412.1
0.1000000	ENSE00003753504.1
0.6057163	ENSE00003753713.1
0.6158839	ENSE00003753952.1
0.1000000	ENSE00003754187.1
1.0000000	ENSE00003754651.1
0.2143019	ENSE00003758084.1
0.1000000	ENSE00003761926.1
0.1000000	ENSE00003762123.1
0.4972265	ENSE00003762937.1
0.2789795	ENSE00003763802.1
0.1902073	ENSE00003764618.1
0.1000000	ENSE00003766035.1
0.6020021	ENSE00003766395.1
1.0000000	ENSE00003766546.1
0.1000000	ENSE00003766711.2
0.2670101	ENSE00003768679.1
0.1000000	ENSE00003768867.1
1.0000000	ENSE00003769002.1
1.0000000	ENSE00003769375.1
0.7528213	ENSE00003770917.1
0.9623626	ENSE00003771086.1
1.0000000	ENSE00003772189.1
0.5986800	ENSE00003772946.1
1.0000000	ENSE00003773374.1
0.9171529	ENSE00003773506.1
1.0000000	ENSE00003773821.1
0.8407922	ENSE00003774337.1
1.0000000	ENSE00003775183.1
1.0000000	ENSE00003784349.1
1.0000000	ENSE00003784437.1
0.1000000	ENSE00003784844.1
1.0000000	ENSE00003786975.1
1.0000000	ENSE00003787009.1
0.1000000	ENSE00003787131.1
1.0000000	ENSE00003787309.1
0.9770013	ENSE00003787805.1
0.9643660	ENSE00003788119.1
1.0000000	ENSE00003788309.1
0.9097457	ENSE00003791603.1
1.0000000	ENSE00003791644.1
0.1000000	ENSE00003791783.1
0.1000000	ENSE00003791845.1
1.0000000	ENSE00003792102.1
0.7149417	ENSE00003793045.1
0.6156880	ENSE00003793193.1
1.0000000	ENSE00003793335.1
1.0000000	ENSE00003793417.1
0.5132321	ENSE00003793426.1
0.5488687	ENSE00003793695.1
1.0000000	ENSE00003793720.1
0.6160590	ENSE00003793724.1
1.0000000	ENSE00003793738.1
0.8869051	ENSE00003794219.1
0.1000000	ENSE00003794541.1
1.0000000	ENSE00003794680.1
1.0000000	ENSE00003794702.1
0.1000000	ENSE00003794758.1
1.0000000	ENSE00003794961.1
1.0000000	ENSE00003794967.1
1.0000000	ENSE00003795044.1
1.0000000	ENSE00003795239.1
0.4056668	ENSE00003795465.1
0.4945231	ENSE00003795467.1
0.1000000	ENSE00003795506.1
0.6886897	ENSE00003795510.1
0.6014822	ENSE00003795640.1
1.0000000	ENSE00003795686.1
1.0000000	ENSE00003795983.1
1.0000000	ENSE00003796088.1
1.0000000	ENSE00003796571.1
1.0000000	ENSE00003797396.1
1.0000000	ENSE00003797616.1
1.0000000	ENSE00003797690.1
1.0000000	ENSE00003797800.1
0.8986640	ENSE00003797996.1
1.0000000	ENSE00003798134.1
1.0000000	ENSE00003798135.1
0.1000000	ENSE00003798186.1
0.6330661	ENSE00003798433.1
1.0000000	ENSE00003798554.1
0.1226164	ENSE00003798886.1
1.0000000	ENSE00003799464.1
1.0000000	ENSE00003799724.1
1.0000000	ENSE00003799982.1
0.5378106	ENSE00003800025.1
0.4611490	ENSE00003800124.1
1.0000000	ENSE00003800163.1
0.1000000	ENSE00003800267.1
0.9444479	ENSE00003800507.1
1.0000000	ENSE00003800598.1
1.0000000	ENSE00003800683.1
1.0000000	ENSE00003800889.1
0.4932459	ENSE00003801064.1
1.0000000	ENSE00003801127.1
1.0000000	ENSE00003801192.1
1.0000000	ENSE00003802561.1
1.0000000	ENSE00003803346.1
1.0000000	ENSE00003805268.1
1.0000000	ENSE00003805323.1
1.0000000	ENSE00003807184.1
0.1000000	ENSE00003808599.1
0.1607649	ENSE00003809585.1
1.0000000	ENSE00003809657.1
1.0000000	ENSE00003810413.1
1.0000000	ENSE00003811360.1
0.6781806	ENSE00003811969.1
0.1000000	ENSE00003812674.1
0.1000000	ENSE00003814991.1
0.4274579	ENSE00003815544.1
1.0000000	ENSE00003815716.1
0.6669658	ENSE00003815846.1
1.0000000	ENSE00003815912.1
1.0000000	ENSE00003816215.1
0.1000000	ENSE00003816616.1
1.0000000	ENSE00003816624.1
1.0000000	ENSE00003816932.1
0.8868705	ENSE00003817011.1
0.1000000	ENSE00003817410.1
1.0000000	ENSE00003817434.1
1.0000000	ENSE00003817479.1
1.0000000	ENSE00003817602.1
0.1000000	ENSE00003817841.1
1.0000000	ENSE00003817868.1
0.6582101	ENSE00003817918.1
1.0000000	ENSE00003818314.1
1.0000000	ENSE00003818332.1
1.0000000	ENSE00003818482.1
0.6145767	ENSE00003818533.1
1.0000000	ENSE00003818547.1
1.0000000	ENSE00003818582.1
1.0000000	ENSE00003818630.1
1.0000000	ENSE00003818688.1
1.0000000	ENSE00003818952.1
0.2121801	ENSE00003818972.1
0.5027792	ENSE00003819411.1
1.0000000	ENSE00003819418.1
0.2005726	ENSE00003819641.1
1.0000000	ENSE00003819987.1
1.0000000	ENSE00003820207.1
0.5909071	ENSE00003820216.1
0.5046747	ENSE00003820252.1
1.0000000	ENSE00003820390.1
0.1000000	ENSE00003820609.1
0.3871763	ENSE00003820644.1
0.1000000	ENSE00003820671.1
1.0000000	ENSE00003821334.1
1.0000000	ENSE00003821497.1
0.1253630	ENSE00003821871.1
0.2558300	ENSE00003822122.1
0.1000000	ENSE00003822565.1
0.1000000	ENSE00003822675.1
0.8063674	ENSE00003822764.1
0.1000000	ENSE00003822824.1
1.0000000	ENSE00003822854.1
0.1000000	ENSE00003822884.1
1.0000000	ENSE00003822927.1
0.1000000	ENSE00003823058.1
0.8690661	ENSE00003823156.1
1.0000000	ENSE00003823607.1
1.0000000	ENSE00003823813.1
0.9392042	ENSE00003824127.1
0.5920804	ENSE00003824142.1
0.1693406	ENSE00003824268.1
0.1000000	ENSE00003824294.1
0.3521858	ENSE00003824384.1
1.0000000	ENSE00003824475.1
1.0000000	ENSE00003824580.1
0.9879845	ENSE00003824888.1
1.0000000	ENSE00003825076.1
1.0000000	ENSE00003825157.1
0.3942257	ENSE00003825181.1
0.1000000	ENSE00003825191.1
1.0000000	ENSE00003825344.1
0.1000000	ENSE00003825354.1
1.0000000	ENSE00003825362.1
1.0000000	ENSE00003825549.1
1.0000000	ENSE00003825557.1
0.1000000	ENSE00003825570.1
0.1024602	ENSE00003825636.1
1.0000000	ENSE00003825749.1
1.0000000	ENSE00003825917.1
1.0000000	ENSE00003826257.1
1.0000000	ENSE00003826364.1
1.0000000	ENSE00003826592.1
0.9587008	ENSE00003826893.1
1.0000000	ENSE00003827038.1
0.6418021	ENSE00003827065.1
0.7015532	ENSE00003827200.1
0.1000000	ENSE00003827306.1
1.0000000	ENSE00003827423.1
0.3440297	ENSE00003827778.1
0.1000000	ENSE00003827948.1
1.0000000	ENSE00003828335.1
0.1000000	ENSE00003828338.1
1.0000000	ENSE00003828371.1
1.0000000	ENSE00003828514.1
1.0000000	ENSE00003828612.1
0.6499894	ENSE00003828931.1
1.0000000	ENSE00003828947.1
1.0000000	ENSE00003829028.1
0.1000000	ENSE00003829118.1
0.8448930	ENSE00003829365.1
0.7030671	ENSE00003829423.1
1.0000000	ENSE00003829507.1
0.1000000	ENSE00003829641.1
0.1888537	ENSE00003829855.1
1.0000000	ENSE00003830096.1
0.1000000	ENSE00003830223.1
1.0000000	ENSE00003830327.1
1.0000000	ENSE00003830536.1
1.0000000	ENSE00003830821.1
1.0000000	ENSE00003830854.1
1.0000000	ENSE00003830902.1
1.0000000	ENSE00003830986.1
0.1000000	ENSE00003831284.1
0.3824703	ENSE00003831800.1
0.2962814	ENSE00003831853.1
1.0000000	ENSE00003832382.1
0.1130766	ENSE00003832646.1
1.0000000	ENSE00003832759.1
0.3442231	ENSE00003832854.1
0.1000000	ENSE00003833050.1
0.8540523	ENSE00003833285.1
0.1000000	ENSE00003833419.1
0.7138444	ENSE00003833557.1
1.0000000	ENSE00003833863.1
1.0000000	ENSE00003833871.1
0.1000000	ENSE00003834438.1
1.0000000	ENSE00003835490.1
1.0000000	ENSE00003836105.1
1.0000000	ENSE00003836956.1
0.5579314	ENSE00003837616.1
0.1000000	ENSE00003837964.1
1.0000000	ENSE00003838089.1
0.1000000	ENSE00003838217.1
0.4217974	ENSE00003838766.1
1.0000000	ENSE00003838818.1
0.6727308	ENSE00003839515.1
0.6415530	ENSE00003839583.1
0.6107651	ENSE00003839639.1
0.2597268	ENSE00003840248.1
0.2326600	ENSE00003840816.1
0.1000000	ENSE00003840934.1
0.8932662	ENSE00003841017.1
