ENSG00000196199.13	ENST00000361479.9	2.5430133781958417E-4
ENSG00000196199.13	ENST00000414242.3	0.0037137850000000003
ENSG00000196199.13	ENST00000449056.1	0.020107532956877984
ENSG00000121741.16	ENST00000610343.4	0.1146602500993702
ENSG00000121741.16	ENST00000382874.6	0.13097004098187132
ENSG00000121741.16	ENST00000382871.3	0.06452977804778248
ENSG00000121741.16	ENST00000620447.1	0.0483416957346
ENSG00000032742.17	ENST00000351808.9	7.591898684480559E-10
ENSG00000032742.17	ENST00000319980.10	2.2473895305037515E-12
ENSG00000032742.17	ENST00000389373.3	0.1
ENSG00000032742.17	ENST00000537103.2	0.007376912845070001
ENSG00000172458.4	ENST00000498088.1	0.015768
ENSG00000172458.4	ENST00000304920.3	0.1
ENSG00000150459.12	ENST00000382533.8	0.010000000000000002
ENSG00000150459.12	ENST00000621421.4	0.1
ENSG00000150459.12	ENST00000607003.5	0.0010000000000000002
ENSG00000150459.12	ENST00000492245.5	0.4798516
ENSG00000150459.12	ENST00000450573.5	0.08094509
ENSG00000150459.12	ENST00000467636.1	0.1
ENSG00000173141.4	ENST00000309594.4	1.0
ENSG00000102678.6	ENST00000382353.5	0.010000000000000002
ENSG00000102683.7	ENST00000218867.3	1.3509088335940785E-4
ENSG00000127863.15	ENST00000248484.8	0.037260579992666
ENSG00000127863.15	ENST00000403372.6	0.11289595173009684
ENSG00000127863.15	ENST00000382258.8	0.006132845546964872
ENSG00000127863.15	ENST00000382263.3	0.008158263606322208
ENSG00000182957.15	ENST00000424834.6	5.084026000000001E-4
ENSG00000182957.15	ENST00000382108.7	0.0030764854685228007
ENSG00000182957.15	ENST00000382095.8	1.5569316138374005E-4
ENSG00000182957.15	ENST00000434675.5	0.050840260000000005
ENSG00000182957.15	ENST00000494772.5	0.4621175
ENSG00000182957.15	ENST00000343003.10	0.018451145436214005
ENSG00000182957.15	ENST00000399949.6	8.013955267826002E-4
ENSG00000182957.15	ENST00000409126.5	0.29150264624122
ENSG00000182957.15	ENST00000454083.1	0.050840260000000005
ENSG00000182957.15	ENST00000488060.1	0.1
ENSG00000240654.6	ENST00000382071.6	0.8563029
ENSG00000240654.6	ENST00000332018.4	0.8563029
ENSG00000075673.11	ENST00000218548.10	4.357834843445392E-8
ENSG00000075673.11	ENST00000381946.4	2.8377494864598298E-8
ENSG00000132972.18	ENST00000255324.9	3.234384117885888E-11
ENSG00000132972.18	ENST00000255325.6	6.700127776676376E-5
ENSG00000132972.18	ENST00000418120.5	1.1656187160920194E-7
ENSG00000132972.18	ENST00000339524.3	3.652011348044677E-4
ENSG00000151846.8	ENST00000281589.4	0.2589475
ENSG00000139496.15	ENST00000381736.7	0.0022408987495037176
ENSG00000139496.15	ENST00000463407.5	0.0021929702997514687
ENSG00000139496.15	ENST00000381718.7	0.005682882524244698
ENSG00000139496.15	ENST00000381747.7	1.7025590631902798E-4
ENSG00000139496.15	ENST00000394327.2	0.009413571146304001
ENSG00000132932.16	ENST00000381655.6	1.4538391794272405E-8
ENSG00000132932.16	ENST00000255283.9	2.588523222589412E-9
ENSG00000132964.11	ENST00000381527.7	0.0018724620239534803
ENSG00000132964.11	ENST00000465820.6	0.06579272000000001
ENSG00000132964.11	ENST00000625988.1	0.41638547932184006
ENSG00000132970.12	ENST00000361042.8	1.5797962456861543E-4
ENSG00000132970.12	ENST00000335327.5	0.0016983386455698567
ENSG00000122026.10	ENST00000311549.10	1.6671946630119006E-4
ENSG00000122026.10	ENST00000272274.8	0.0016671946630119003
ENSG00000122026.10	ENST00000319826.8	0.0016671946630119003
ENSG00000122026.10	ENST00000326092.8	0.0016671946630119003
ENSG00000122026.10	ENST00000493317.1	0.005046369000000001
ENSG00000122035.6	ENST00000241463.4	0.09947042
ENSG00000122034.14	ENST00000381140.8	0.014095420018231001
ENSG00000122034.14	ENST00000640289.1	0.14095420018231
ENSG00000186184.17	ENST00000627604.1	0.9623626
ENSG00000186184.17	ENST00000637180.1	0.004611490000000001
ENSG00000186184.17	ENST00000621089.2	0.1
ENSG00000186184.17	ENST00000302979.4	1.0
ENSG00000186184.17	ENST00000399697.7	0.1
ENSG00000186184.17	ENST00000489647.4	1.0
ENSG00000186184.17	ENST00000630983.1	0.9807607
ENSG00000186184.17	ENST00000636817.1	0.9807607
ENSG00000186184.17	ENST00000647448.1	0.010000000000000002
ENSG00000186184.17	ENST00000645412.1	0.06014822
ENSG00000186184.17	ENST00000637071.1	0.043002470658774
ENSG00000186184.17	ENST00000399696.3	0.08804226104969
ENSG00000169840.4	ENST00000302945.2	0.2756346
ENSG00000139515.5	ENST00000381033.4	1.0
ENSG00000152520.13	ENST00000380958.7	5.2692125033632134E-8
ENSG00000152520.13	ENST00000399613.1	2.705206796507157E-7
ENSG00000132963.7	ENST00000380842.4	0.021434091666975002
ENSG00000132963.7	ENST00000460403.1	0.043985582740674004
ENSG00000132938.19	ENST00000612955.4	3.301947930288534E-4
ENSG00000132938.19	ENST00000380808.6	0.0010582005370924
ENSG00000132938.19	ENST00000542829.1	0.028141893759192002
ENSG00000236444.4	ENST00000638137.1	0.5814852386552
ENSG00000236444.4	ENST00000635918.1	0.1226164
ENSG00000236444.4	ENST00000436446.1	0.1835082
ENSG00000132952.11	ENST00000255304.8	9.268143596784464E-6
ENSG00000132952.11	ENST00000614860.1	0.072251517218014
ENSG00000132965.9	ENST00000617770.4	0.0019912281584372232
ENSG00000132965.9	ENST00000380490.4	0.2300879446769453
ENSG00000102802.9	ENST00000380482.8	0.12923177706838793
ENSG00000102802.9	ENST00000428944.1	0.3807362218480227
ENSG00000175664.9	ENST00000380473.7	0.007172802000000001
ENSG00000187676.7	ENST00000343307.4	7.181595716152003E-6
ENSG00000133105.7	ENST00000380314.2	4.004646245396801E-5
ENSG00000133105.7	ENST00000298386.6	4.004646245396801E-4
ENSG00000073910.21	ENST00000645780.1	4.2371580072893457E-16
ENSG00000073910.21	ENST00000647500.1	4.237158007289344E-15
ENSG00000073910.21	ENST00000643293.1	0.25583
ENSG00000073910.21	ENST00000642040.1	2.873558359678291E-15
ENSG00000073910.21	ENST00000380250.7	1.125058668411481E-14
ENSG00000073910.21	ENST00000542859.5	2.4399174400330822E-14
ENSG00000073910.21	ENST00000436046.1	0.1
ENSG00000139618.14	ENST00000380152.7	4.5444276932239156E-8
ENSG00000139618.14	ENST00000544455.5	2.8333603645734717E-8
ENSG00000083642.18	ENST00000315596.14	3.8607966039574904E-11
ENSG00000083642.18	ENST00000447833.1	0.03310935388012524
ENSG00000133116.7	ENST00000380099.3	8.159417789064301E-4
ENSG00000133119.12	ENST00000380071.7	3.7525239797563066E-4
ENSG00000133119.12	ENST00000434425.5	6.567907529189977E-4
ENSG00000133119.12	ENST00000616236.1	0.0704715
ENSG00000172915.18	ENST00000400445.7	6.593312047319559E-16
ENSG00000172915.18	ENST00000310336.8	3.139698235242945E-15
ENSG00000172915.18	ENST00000629018.2	1.7234093937652416E-16
ENSG00000172915.18	ENST00000379939.6	1.006059741441063E-13
ENSG00000172915.18	ENST00000537702.5	4.963175995137795E-9
ENSG00000172915.18	ENST00000379922.3	5.97989197425454E-6
ENSG00000133101.9	ENST00000630422.2	0.03301996077201023
ENSG00000133101.9	ENST00000440264.5	0.06640828831932775
ENSG00000133101.9	ENST00000255465.6	6.640828831932777E-4
ENSG00000133101.9	ENST00000625767.1	0.005272974816115058
ENSG00000180440.3	ENST00000315190.3	0.012402670000000001
ENSG00000133111.3	ENST00000255476.2	1.0
ENSG00000120699.12	ENST00000389704.3	0.0013192873474592796
ENSG00000120699.12	ENST00000481013.1	0.1
ENSG00000120686.11	ENST00000379649.5	0.01467747077861655
ENSG00000120686.11	ENST00000239878.8	0.005761972570106366
ENSG00000120686.11	ENST00000437952.1	0.3480193879248319
ENSG00000150893.10	ENST00000280481.8	1.125302066096189E-7
ENSG00000188811.13	ENST00000470258.5	0.006411494
ENSG00000188811.13	ENST00000379600.7	0.003798408267436584
ENSG00000188811.13	ENST00000379599.6	0.02016859205184
ENSG00000133103.16	ENST00000416691.5	5.708976749616117E-5
ENSG00000133103.16	ENST00000455146.7	5.708976749616117E-4
ENSG00000133103.16	ENST00000630730.1	0.22450000940121997
ENSG00000102743.14	ENST00000338625.8	5.809630331750509E-4
ENSG00000102743.14	ENST00000417731.5	0.4943135
ENSG00000120688.8	ENST00000379487.4	0.0018957284576069037
ENSG00000172766.18	ENST00000379406.7	2.2103366848290805E-7
ENSG00000172766.18	ENST00000403412.7	4.070656387198443E-4
ENSG00000102760.12	ENST00000379359.3	0.005895588000000002
ENSG00000102780.16	ENST00000379274.6	1.2727466877739026E-10
ENSG00000102780.16	ENST00000337343.8	2.4751868698041296E-11
ENSG00000102780.16	ENST00000261491.9	1.1591292685732129E-10
ENSG00000102780.16	ENST00000611224.1	0.4270009
ENSG00000102780.16	ENST00000628433.2	9.169940229647455E-10
ENSG00000102780.16	ENST00000536612.3	3.200112944425674E-9
ENSG00000023516.8	ENST00000025301.3	4.0790680221792065E-4
ENSG00000120659.14	ENST00000358545.6	0.006937020120014882
ENSG00000120659.14	ENST00000405262.6	0.12436734317049
ENSG00000120659.14	ENST00000398795.6	0.12436734317049
ENSG00000120659.14	ENST00000544862.5	0.12436734317049
ENSG00000120659.14	ENST00000239849.8	0.12436734317049
ENSG00000179813.6	ENST00000537894.5	0.044259240000000005
ENSG00000179813.6	ENST00000313851.2	0.2455713443886
ENSG00000120675.5	ENST00000379221.3	0.28182033923454003
ENSG00000179630.10	ENST00000441843.5	0.0011528261423051842
ENSG00000179630.10	ENST00000425906.1	0.1
ENSG00000179630.10	ENST00000325686.6	0.008916212415012
ENSG00000151778.10	ENST00000379179.7	0.5884637
ENSG00000151778.10	ENST00000616650.1	0.2706196
ENSG00000133114.17	ENST00000611650.1	1.0
ENSG00000133114.17	ENST00000379151.8	0.01058643
ENSG00000133114.17	ENST00000361121.6	0.010000000000000002
ENSG00000133114.17	ENST00000357537.4	1.0
ENSG00000188342.11	ENST00000340473.7	0.0035560932585072
ENSG00000136152.14	ENST00000349995.9	2.727934225157916E-9
ENSG00000136152.14	ENST00000617493.1	1.8632060319538402E-6
ENSG00000174015.9	ENST00000310521.5	0.5955994
ENSG00000174015.9	ENST00000533564.1	0.1
ENSG00000174015.9	ENST00000610924.1	0.5955994
ENSG00000174015.9	ENST00000378966.3	0.1
ENSG00000173988.12	ENST00000446175.5	0.005884196176255602
ENSG00000173988.12	ENST00000595396.1	0.005884196176255602
ENSG00000136141.14	ENST00000311191.10	2.3493064335659893E-9
ENSG00000136141.14	ENST00000389798.7	5.624051657442292E-9
ENSG00000136141.14	ENST00000389797.7	1.0875726498632207E-9
ENSG00000136141.14	ENST00000463929.5	0.004473410188448495
ENSG00000136141.14	ENST00000478412.1	6.33886232115374E-4
ENSG00000136159.3	ENST00000258662.2	0.17664304735165
ENSG00000136156.13	ENST00000649266.1	0.018736071659230108
ENSG00000136156.13	ENST00000378565.9	0.015010955886035404
ENSG00000136156.13	ENST00000378549.5	0.02185392
ENSG00000136156.13	ENST00000647800.1	3.8550278592002917E-4
ENSG00000136156.13	ENST00000650237.1	0.19814455048021118
ENSG00000139687.15	ENST00000267163.5	1.980016125235875E-9
ENSG00000139687.15	ENST00000646097.1	0.010246020000000002
ENSG00000139687.15	ENST00000650461.1	1.3320178319428307E-9
ENSG00000139687.15	ENST00000643064.1	1.0
ENSG00000152207.7	ENST00000614739.4	0.7699542
ENSG00000152207.7	ENST00000617562.4	0.03957443
ENSG00000152207.7	ENST00000622559.4	0.03957443
ENSG00000152207.7	ENST00000621321.1	0.1
ENSG00000152207.7	ENST00000282018.4	1.0
ENSG00000102531.16	ENST00000492622.6	2.260352236040283E-8
ENSG00000102531.16	ENST00000378383.5	0.0013094624692050001
ENSG00000102531.16	ENST00000541916.5	3.658443684916407E-8
ENSG00000102531.16	ENST00000398316.7	3.2901596630346265E-8
ENSG00000102539.5	ENST00000218721.1	0.8807718
ENSG00000102543.14	ENST00000251108.10	0.43432899676678005
ENSG00000102543.14	ENST00000429346.1	1.0
ENSG00000136169.16	ENST00000354234.8	0.004046539013169811
ENSG00000136169.16	ENST00000258672.9	0.01605696449765683
ENSG00000136169.16	ENST00000317257.12	0.004432865666206625
ENSG00000136169.16	ENST00000611815.1	0.0084356902995268
ENSG00000136147.17	ENST00000378319.7	0.20290022289613646
ENSG00000136147.17	ENST00000496623.5	0.2613981
ENSG00000136147.17	ENST00000426879.5	0.020290022289613647
ENSG00000136147.17	ENST00000496612.5	0.0025422764431918166
ENSG00000136147.17	ENST00000357596.7	0.060571762961139045
ENSG00000136147.17	ENST00000485919.5	0.02985298
ENSG00000136147.17	ENST00000442195.5	0.028070212100190003
ENSG00000136147.17	ENST00000488958.5	0.020290022289613647
ENSG00000152213.3	ENST00000282026.1	0.0862625436117
ENSG00000204977.9	ENST00000442421.5	0.3443192
ENSG00000204977.9	ENST00000378183.8	0.9137488
ENSG00000204977.9	ENST00000420995.6	0.3140014
ENSG00000204977.9	ENST00000378182.3	0.253468
ENSG00000204977.9	ENST00000356017.8	0.042919200000000005
ENSG00000204977.9	ENST00000457662.2	1.0
ENSG00000198553.8	ENST00000360473.8	0.1
ENSG00000198553.8	ENST00000312942.1	0.921303
ENSG00000136104.20	ENST00000336617.7	1.8638211827192637E-4
ENSG00000136104.20	ENST00000422660.6	9.455575399392002E-4
ENSG00000136104.20	ENST00000645188.1	3.477545019292795E-4
ENSG00000136104.20	ENST00000646731.1	6.146023780505568E-4
ENSG00000136104.20	ENST00000643774.1	5.350156509156603E-5
ENSG00000136104.20	ENST00000646960.1	4.649639651802343E-5
ENSG00000136104.20	ENST00000637648.2	9.988332126640003E-5
ENSG00000136104.20	ENST00000644034.1	0.047805761072790005
ENSG00000136104.20	ENST00000645955.1	3.5215270509076187E-4
ENSG00000136104.20	ENST00000643682.1	5.350156509156603E-4
ENSG00000136104.20	ENST00000642721.1	5.350156509156603E-4
ENSG00000136104.20	ENST00000616907.2	3.6609746975076176E-5
ENSG00000136104.20	ENST00000645990.1	9.455575399392003E-5
ENSG00000136104.20	ENST00000642995.1	6.714951625092001E-4
ENSG00000136104.20	ENST00000636524.2	0.010000000000000002
ENSG00000136104.20	ENST00000643159.1	2.2666237007092817E-6
ENSG00000136104.20	ENST00000645618.1	4.3220044806327484E-4
ENSG00000136104.20	ENST00000611510.5	0.0018288226391841428
ENSG00000136104.20	ENST00000642454.1	5.113576202208801E-4
ENSG00000136104.20	ENST00000646709.1	0.004508189083218401
ENSG00000136104.20	ENST00000647387.1	0.0016905508877928005
ENSG00000136104.20	ENST00000643215.1	2.501965732889274E-4
ENSG00000136104.20	ENST00000645370.1	0.005424523742662402
ENSG00000136104.20	ENST00000643405.1	0.0018885370000000005
ENSG00000136104.20	ENST00000643529.1	0.026270566557093002
ENSG00000136104.20	ENST00000645912.1	0.26050254050165184
ENSG00000150510.16	ENST00000615498.4	0.17274532188633998
ENSG00000150510.16	ENST00000322475.12	0.006270235470554001
ENSG00000150510.16	ENST00000280057.6	0.002398042777383719
ENSG00000253309.6	ENST00000524365.5	0.013112908984048367
ENSG00000253309.6	ENST00000419898.2	0.029516524420284004
ENSG00000253309.6	ENST00000521255.5	0.07094135
ENSG00000253309.6	ENST00000400389.5	0.5426042797332
ENSG00000139668.8	ENST00000612477.1	0.010000000000000002
ENSG00000139668.8	ENST00000298125.6	9.78961327191917E-5
ENSG00000123171.6	ENST00000242819.5	1.0
ENSG00000253710.3	ENST00000523764.1	0.1
ENSG00000253710.3	ENST00000649708.1	0.1
ENSG00000253710.3	ENST00000616513.1	0.9276955
ENSG00000253710.3	ENST00000649340.1	0.0010000000000000002
ENSG00000253710.3	ENST00000521508.1	0.06329849
ENSG00000253797.2	ENST00000521776.2	0.1
ENSG00000136108.14	ENST00000468284.1	0.2088342
ENSG00000136108.14	ENST00000378034.7	7.051862000000001E-4
ENSG00000136108.14	ENST00000258607.9	1.985618304225819E-4
ENSG00000136108.14	ENST00000378037.9	0.01845012421429885
ENSG00000136108.14	ENST00000490903.5	3.5395774927149036E-5
ENSG00000136108.14	ENST00000480747.1	0.1
ENSG00000139675.12	ENST00000357495.4	1.0
ENSG00000165416.14	ENST00000343788.10	1.9513180790780588E-7
ENSG00000165416.14	ENST00000310528.8	1.0617213348055308E-7
ENSG00000102837.6	ENST00000219022.2	0.09421349000000001
ENSG00000204919.1	ENST00000377931.1	0.05488562
ENSG00000229665.8	ENST00000614894.4	0.5637637
ENSG00000229665.8	ENST00000544357.2	0.34348515514454997
ENSG00000204918.3	ENST00000377930.1	0.3523242
ENSG00000227151.4	ENST00000452123.3	0.016689970000000002
ENSG00000234278.3	ENST00000434815.1	0.010000000000000002
ENSG00000118946.11	ENST00000377918.7	0.09196783229279999
ENSG00000118946.11	ENST00000612954.4	0.6158839
ENSG00000118946.11	ENST00000615375.1	0.045528480669012
ENSG00000083544.14	ENST00000196169.7	1.2791200351116494E-5
ENSG00000083544.14	ENST00000377894.6	2.2421471041972065E-6
ENSG00000083544.14	ENST00000535286.5	2.242147104197206E-4
ENSG00000083544.14	ENST00000377881.6	9.110646373016554E-6
ENSG00000083544.14	ENST00000648252.1	1.4384562011390304E-6
ENSG00000083544.14	ENST00000621840.4	9.812902541080848E-6
ENSG00000083544.14	ENST00000377882.7	4.233204000000001E-5
ENSG00000237378.3	ENST00000611641.1	0.9336265
ENSG00000136122.15	ENST00000390667.9	7.896975896702032E-5
ENSG00000136122.15	ENST00000613797.4	6.742242140658619E-5
ENSG00000136122.15	ENST00000377814.6	3.4753875554575014E-4
ENSG00000136122.15	ENST00000377815.4	7.731954395691436E-4
ENSG00000083535.15	ENST00000326291.10	1.6717217772780653E-8
ENSG00000083535.15	ENST00000617689.4	5.682218586591828E-5
ENSG00000083535.15	ENST00000615625.1	6.948318270701915E-5
ENSG00000102554.13	ENST00000539231.5	0.07498227
ENSG00000102554.13	ENST00000377687.5	0.0011746842389832
ENSG00000118939.17	ENST00000618773.4	1.4274577499279208E-4
ENSG00000118939.17	ENST00000377595.7	1.6523667616699206E-4
ENSG00000118939.17	ENST00000419068.1	7.591871610056176E-4
ENSG00000136153.19	ENST00000357063.7	7.549708913161081E-11
ENSG00000136153.19	ENST00000341547.8	4.062353411760844E-10
ENSG00000136153.19	ENST00000377499.9	8.598494094561695E-6
ENSG00000136153.19	ENST00000377534.7	4.406076559159242E-10
ENSG00000136153.19	ENST00000534657.5	0.009491666000000001
ENSG00000136153.19	ENST00000321797.12	8.830206618904685E-9
ENSG00000136153.19	ENST00000526202.5	1.007585958221214E-9
ENSG00000136153.19	ENST00000465261.6	1.2820196893994062E-7
ENSG00000136153.19	ENST00000497947.6	1.0
ENSG00000136153.19	ENST00000526371.1	1.0
ENSG00000136153.19	ENST00000526528.1	0.4017593
ENSG00000136153.19	ENST00000489941.6	0.5436293
ENSG00000136153.19	ENST00000525373.5	1.0
ENSG00000136153.19	ENST00000447038.5	5.133881973052903E-6
ENSG00000136153.19	ENST00000524651.5	0.009483935107521761
ENSG00000136153.19	ENST00000525107.6	0.022832559461052
ENSG00000136153.19	ENST00000525914.5	0.019348875695655
ENSG00000136153.19	ENST00000533809.2	0.1
ENSG00000102794.9	ENST00000377462.5	0.029770387597829996
ENSG00000102794.9	ENST00000449753.2	0.2167703
ENSG00000102805.14	ENST00000636183.1	0.020829341651124
ENSG00000102805.14	ENST00000636780.1	0.009135646339941768
ENSG00000102805.14	ENST00000485938.3	0.2395322
ENSG00000102805.14	ENST00000637537.1	0.11432573673908283
ENSG00000102805.14	ENST00000377453.8	0.20829341651124
ENSG00000102805.14	ENST00000637397.1	0.0012832103388249801
ENSG00000102805.14	ENST00000616833.5	0.20829341651124
ENSG00000102805.14	ENST00000636525.1	0.03404008937907465
ENSG00000102805.14	ENST00000636767.1	0.08123569646796087
ENSG00000102805.14	ENST00000636705.1	0.020829341651124
ENSG00000283208.1	ENST00000638147.1	0.035345766097937
ENSG00000283208.1	ENST00000635838.1	1.0
ENSG00000283208.1	ENST00000638101.1	1.0
ENSG00000136155.16	ENST00000535157.5	1.3822142921167485E-10
ENSG00000136155.16	ENST00000377246.7	2.1297047988819037E-10
ENSG00000136155.16	ENST00000349847.3	2.9606656483371945E-11
ENSG00000139737.21	ENST00000418532.5	0.04494160613618
ENSG00000139737.21	ENST00000422114.5	0.39061181605446
ENSG00000139737.21	ENST00000466548.5	9.643660000000002E-4
ENSG00000139737.21	ENST00000446759.5	0.34342915655953465
ENSG00000139737.21	ENST00000442759.5	0.34342915655953465
ENSG00000139737.21	ENST00000488699.5	0.0964366
ENSG00000139737.21	ENST00000377236.2	1.0
ENSG00000139737.21	ENST00000267219.12	0.0964366
ENSG00000139737.21	ENST00000314070.9	2.1739944955223003E-4
ENSG00000139737.21	ENST00000351546.7	0.004494160613618
ENSG00000139737.21	ENST00000441784.5	0.00964366
ENSG00000139737.21	ENST00000462234.5	0.013627428911206
ENSG00000139737.21	ENST00000496045.5	0.007492809556596
ENSG00000139737.21	ENST00000474663.5	0.009643660000000002
ENSG00000139737.21	ENST00000481614.1	0.3167735
ENSG00000139737.21	ENST00000358679.3	0.0070470987588040004
ENSG00000102471.14	ENST00000612570.4	0.004151682986104552
ENSG00000102471.14	ENST00000218652.11	0.04721331992758423
ENSG00000102471.14	ENST00000487865.5	0.004721331992758424
ENSG00000102471.14	ENST00000620924.1	0.025553008440758876
ENSG00000165300.7	ENST00000325089.7	1.0
ENSG00000179399.14	ENST00000377067.8	2.072537143846022E-5
ENSG00000179399.14	ENST00000618596.1	0.06037013609333999
ENSG00000179399.14	ENST00000618283.1	0.1
ENSG00000183098.10	ENST00000377047.8	0.0068511192897060015
ENSG00000183098.10	ENST00000617456.1	0.0035122490000000003
ENSG00000152749.7	ENST00000376958.4	3.632083E-4
ENSG00000134873.9	ENST00000376873.7	0.006768228687381901
ENSG00000134873.9	ENST00000299339.2	0.024026272009995846
ENSG00000134873.9	ENST00000376855.1	1.0
ENSG00000102580.14	ENST00000602402.5	0.0011343555361957999
ENSG00000102580.14	ENST00000376795.6	0.0024544598030930183
ENSG00000185352.8	ENST00000376705.3	1.0
ENSG00000185352.8	ENST00000620595.1	0.6034443
ENSG00000139793.18	ENST00000397601.5	0.010000000000000002
ENSG00000139793.18	ENST00000376673.7	0.010000000000000002
ENSG00000139793.18	ENST00000343600.8	0.010000000000000002
ENSG00000139793.18	ENST00000345429.10	0.0017641282772808003
ENSG00000139793.18	ENST00000449284.1	0.3030564
ENSG00000125249.6	ENST00000245304.4	0.1420606
ENSG00000065150.18	ENST00000460070.5	0.08075954508561
ENSG00000065150.18	ENST00000481455.5	9.292287000000002E-4
ENSG00000065150.18	ENST00000261574.9	4.126295903468272E-8
ENSG00000065150.18	ENST00000493281.5	0.07688550700472702
ENSG00000065150.18	ENST00000463157.5	0.05832296216306877
ENSG00000065150.18	ENST00000471898.5	0.023476428285172005
ENSG00000065150.18	ENST00000489058.5	0.08274121000000001
ENSG00000065150.18	ENST00000481689.5	0.009292287000000002
ENSG00000065150.18	ENST00000480611.5	0.04531669957989601
ENSG00000065150.18	ENST00000485433.5	0.028440893528613002
ENSG00000065150.18	ENST00000496368.5	0.009292287000000002
ENSG00000065150.18	ENST00000421861.6	0.03154694112121094
ENSG00000065150.18	ENST00000357602.7	5.792496117771248E-8
ENSG00000065150.18	ENST00000631030.1	0.025923575811165
ENSG00000065150.18	ENST00000475420.5	0.004711108000000001
ENSG00000065150.18	ENST00000480641.1	0.04394689
ENSG00000065150.18	ENST00000490680.5	5.366805870467346E-8
ENSG00000065150.18	ENST00000403772.7	0.08973142
ENSG00000065150.18	ENST00000469360.5	5.366805870467347E-8
ENSG00000065150.18	ENST00000473582.1	0.010000000000000002
ENSG00000152767.16	ENST00000595437.5	6.79775755161676E-9
ENSG00000152767.16	ENST00000627049.2	1.3932815544357416E-7
ENSG00000152767.16	ENST00000319562.10	1.8020308131231377E-7
ENSG00000152767.16	ENST00000596580.2	5.265589053470102E-5
ENSG00000152767.16	ENST00000376581.9	0.588083
ENSG00000152767.16	ENST00000598389.5	0.005265589053470101
ENSG00000152767.16	ENST00000601009.1	0.07674959
ENSG00000152767.16	ENST00000423063.2	0.45847929694272005
ENSG00000152767.16	ENST00000596256.1	0.2428703412455
ENSG00000134882.15	ENST00000355700.9	0.9987105
ENSG00000134882.15	ENST00000403766.7	0.076122427971197
ENSG00000134882.15	ENST00000376440.6	0.07375857585126097
ENSG00000134882.15	ENST00000457666.1	0.71861413275162
ENSG00000134882.15	ENST00000474510.2	0.1
ENSG00000125304.9	ENST00000642146.1	0.46892171080518
ENSG00000125304.9	ENST00000642475.1	8.550406250288805E-5
ENSG00000125304.9	ENST00000376387.4	4.924694327854042E-4
ENSG00000125246.15	ENST00000376355.7	0.0020692081294356
ENSG00000125246.15	ENST00000376354.5	0.0032029451236288004
ENSG00000125246.15	ENST00000339105.8	7.642276000000001E-4
ENSG00000125246.15	ENST00000416504.5	0.936248
ENSG00000125246.15	ENST00000443887.1	0.936248
ENSG00000125246.15	ENST00000419700.1	0.006497930000000001
ENSG00000125246.15	ENST00000425186.2	1.0
ENSG00000043355.11	ENST00000376335.7	0.1
ENSG00000175198.16	ENST00000376286.8	1.0386179485045033E-7
ENSG00000175198.16	ENST00000376279.7	1.0386179485045035E-8
ENSG00000175198.16	ENST00000376285.5	6.259393353491615E-8
ENSG00000175198.16	ENST00000637358.1	0.08986640000000001
ENSG00000175198.16	ENST00000636366.1	6.40268618039618E-5
ENSG00000175198.16	ENST00000637657.1	9.333685600748508E-6
ENSG00000175198.16	ENST00000424527.5	0.010000000000000002
ENSG00000175198.16	ENST00000443601.1	0.1
ENSG00000175198.16	ENST00000458283.5	0.07110855461691
ENSG00000175198.16	ENST00000413170.1	0.5929892242584
ENSG00000175198.16	ENST00000428969.1	0.08863563
ENSG00000198542.13	ENST00000618057.4	0.017528061056760826
ENSG00000198542.13	ENST00000376180.7	0.005499063755478118
ENSG00000198542.13	ENST00000622834.4	0.0064524280508583545
ENSG00000198542.13	ENST00000545560.6	0.030327641080002975
ENSG00000198542.13	ENST00000376162.7	0.017528061056760826
ENSG00000198542.13	ENST00000490242.2	0.328341817642049
ENSG00000134900.11	ENST00000376065.8	1.41273527242508E-10
ENSG00000134900.11	ENST00000376052.4	1.3274393307860887E-10
ENSG00000134897.13	ENST00000257336.5	0.47606808645776
ENSG00000134897.13	ENST00000448849.2	0.1481560474960638
ENSG00000270181.3	ENST00000639435.1	1.9595651488018245E-10
ENSG00000270181.3	ENST00000639132.1	1.5706497058452175E-9
ENSG00000134899.19	ENST00000602836.2	1.2077733941822781E-8
ENSG00000134899.19	ENST00000355739.8	4.888245476670601E-7
ENSG00000134899.19	ENST00000535557.5	0.006811570478981901
ENSG00000134899.19	ENST00000375954.1	1.2376024230990002E-5
ENSG00000182346.19	ENST00000375936.7	0.03818528640563
ENSG00000182346.19	ENST00000329625.9	1.0
ENSG00000182346.19	ENST00000595812.2	0.1
ENSG00000182346.19	ENST00000618629.1	1.0
ENSG00000139826.5	ENST00000375898.3	0.2800446
ENSG00000102524.11	ENST00000430559.5	1.0
ENSG00000102524.11	ENST00000375887.8	1.0
ENSG00000102524.11	ENST00000542136.1	1.0
ENSG00000041515.15	ENST00000356711.6	4.481464197742388E-10
ENSG00000041515.15	ENST00000457511.6	2.9984591728078346E-9
ENSG00000041515.15	ENST00000251041.9	8.67254845572208E-6
ENSG00000041515.15	ENST00000357550.3	7.867963978982249E-9
ENSG00000134871.18	ENST00000400163.7	0.027434957362211392
ENSG00000134871.18	ENST00000360467.6	1.6764210595402382E-15
ENSG00000134871.18	ENST00000649101.1	0.03048330101266359
ENSG00000134871.18	ENST00000650540.1	3.618532422933168E-5
ENSG00000134871.18	ENST00000619688.2	0.04733267
ENSG00000134871.18	ENST00000617564.2	4.539610779500185E-4
ENSG00000134871.18	ENST00000494852.2	0.054893535039624006
ENSG00000134871.18	ENST00000649951.1	0.029628139999999997
ENSG00000134871.18	ENST00000480609.1	1.0
ENSG00000213995.11	ENST00000424185.6	0.24622679215668625
ENSG00000213995.11	ENST00000309957.2	0.0029759758706358282
ENSG00000153487.12	ENST00000338450.7	0.6893863
ENSG00000153487.12	ENST00000333219.8	0.7240702784912
ENSG00000153487.12	ENST00000375775.3	0.9238219
ENSG00000153487.12	ENST00000375774.3	0.6400744
ENSG00000153487.12	ENST00000464141.1	1.0
ENSG00000102606.18	ENST00000317133.9	0.0015053019622806255
ENSG00000102606.18	ENST00000375739.6	1.311833388155827E-4
ENSG00000102606.18	ENST00000375741.6	8.960369075627159E-6
ENSG00000102606.18	ENST00000449979.5	0.6164868177152
ENSG00000102606.18	ENST00000646102.1	5.125333799369459E-5
ENSG00000102606.18	ENST00000491775.5	0.06539395175133583
ENSG00000102606.18	ENST00000466143.5	5.566335016956485E-4
ENSG00000102606.18	ENST00000218789.9	6.417563558817132E-5
ENSG00000102606.18	ENST00000375736.8	3.334940927214633E-5
ENSG00000102606.18	ENST00000467053.5	0.83648169712535
ENSG00000102606.18	ENST00000426073.6	1.8426568630301092E-4
ENSG00000102606.18	ENST00000426768.2	0.48737422191822005
ENSG00000102606.18	ENST00000375723.5	0.015612244934828904
ENSG00000102606.18	ENST00000478679.5	0.0018811763866126937
ENSG00000102606.18	ENST00000544132.2	0.6548851
ENSG00000153495.10	ENST00000283547.1	6.194748839039603E-4
ENSG00000182968.4	ENST00000330949.2	0.4547492
ENSG00000153498.11	ENST00000283550.7	0.006743814822934501
ENSG00000153498.11	ENST00000414180.5	0.03211857698952148
ENSG00000153498.11	ENST00000443541.5	0.008265965
ENSG00000153498.11	ENST00000375699.3	0.004081719464859501
ENSG00000068650.18	ENST00000487903.5	1.1338541424354757E-12
ENSG00000068650.18	ENST00000375645.7	3.150610036665914E-13
ENSG00000068650.18	ENST00000375630.6	3.8855597843079855E-13
ENSG00000068650.18	ENST00000418678.5	3.885559784307984E-8
ENSG00000068650.18	ENST00000610419.1	0.7200349
ENSG00000068650.18	ENST00000419631.1	0.1
ENSG00000068650.18	ENST00000415301.1	0.1
ENSG00000126217.20	ENST00000375608.7	1.3620996446956878E-7
ENSG00000126217.20	ENST00000397036.4	0.1
ENSG00000126217.20	ENST00000397030.5	8.169067634108576E-6
ENSG00000126217.20	ENST00000535094.6	8.761695580639672E-8
ENSG00000126217.20	ENST00000421756.5	8.761695580639672E-6
ENSG00000126217.20	ENST00000433807.5	0.1
ENSG00000126217.20	ENST00000409954.6	0.007557061000000001
ENSG00000126217.20	ENST00000375604.6	8.761695580639672E-7
ENSG00000126217.20	ENST00000375597.8	8.761695580639672E-6
ENSG00000126217.20	ENST00000397024.1	0.23562697605002
ENSG00000126217.20	ENST00000486806.1	0.5317957
ENSG00000126217.20	ENST00000473345.5	0.1
ENSG00000126217.20	ENST00000397021.5	0.42897049282155003
ENSG00000126217.20	ENST00000423251.1	0.4106328426118685
ENSG00000126217.20	ENST00000397017.6	1.0091141945255228E-7
ENSG00000126217.20	ENST00000413354.5	0.0027504609638890733
ENSG00000126217.20	ENST00000261963.11	0.001820999209027193
ENSG00000126217.20	ENST00000453297.5	0.001058156420054693
ENSG00000126217.20	ENST00000439475.1	0.0015594238912004
ENSG00000126217.20	ENST00000420013.5	0.010000000000000002
ENSG00000126217.20	ENST00000441756.1	0.08873001056504001
ENSG00000057593.13	ENST00000541084.5	0.028447865835382388
ENSG00000057593.13	ENST00000346342.7	0.009600539656192139
ENSG00000057593.13	ENST00000375581.3	0.0019148947702975318
ENSG00000126218.11	ENST00000409306.5	1.0544250000000002E-4
ENSG00000126218.11	ENST00000375551.7	0.0010544250000000001
ENSG00000126218.11	ENST00000375559.7	0.0010000000000000002
ENSG00000126231.13	ENST00000342783.4	7.468242206481908E-4
ENSG00000126231.13	ENST00000375547.6	0.0013214337633117913
ENSG00000139842.14	ENST00000375441.7	2.394465783993541E-9
ENSG00000139842.14	ENST00000326335.8	1.3318155175121767E-10
ENSG00000139842.14	ENST00000451881.5	2.3944657839935407E-8
ENSG00000139842.14	ENST00000617546.4	2.3944657839935413E-9
ENSG00000139842.14	ENST00000375440.8	1.445276262661689E-9
ENSG00000139842.14	ENST00000488558.2	2.7922930000000012E-6
ENSG00000185896.10	ENST00000332556.4	0.022911038079252436
ENSG00000150403.17	ENST00000434316.6	6.668892492115655E-7
ENSG00000150403.17	ENST00000375391.5	6.668892492115654E-4
ENSG00000150403.17	ENST00000474393.5	0.0029243893845026193
ENSG00000150403.17	ENST00000473287.1	0.9766447
ENSG00000150403.17	ENST00000462877.5	0.21875304926381234
ENSG00000150403.17	ENST00000622371.1	0.1692130293735
ENSG00000150403.17	ENST00000620021.4	0.01342532
ENSG00000198176.12	ENST00000375370.9	0.44431528930440095
ENSG00000198176.12	ENST00000408980.6	0.49378587436281457
ENSG00000198176.12	ENST00000453989.2	0.05769651516899902
ENSG00000185974.6	ENST00000335678.6	4.2976278025710137E-4
ENSG00000184497.12	ENST00000488362.5	0.047618699381671514
ENSG00000184497.12	ENST00000375353.4	0.006899968028837508
ENSG00000283361.2	ENST00000643687.1	0.5920804
ENSG00000283361.2	ENST00000635901.2	1.0
ENSG00000283361.2	ENST00000646158.1	0.08063674
ENSG00000283361.2	ENST00000636692.1	1.0
ENSG00000130177.15	ENST00000360383.7	4.300808186536345E-6
ENSG00000130177.15	ENST00000628084.2	9.728587791233634E-4
ENSG00000130177.15	ENST00000356221.7	4.3008081865363445E-5
ENSG00000130177.15	ENST00000375310.5	1.625006312426277E-4
ENSG00000130177.15	ENST00000252457.9	4.415176263356575E-5
ENSG00000130177.15	ENST00000375308.5	0.0016250063124262767
ENSG00000130177.15	ENST00000252458.6	0.0013041931787100376
ENSG00000169062.14	ENST00000375299.7	1.2898232977106003E-6
ENSG00000169062.14	ENST00000492270.1	0.1
ENSG00000169062.14	ENST00000351487.5	2.3529356977895514E-5
ENSG00000198824.6	ENST00000361283.3	0.1
ENSG00000198824.6	ENST00000463003.2	0.0010000000000000002
ENSG00000198824.6	ENST00000645174.1	0.039422570000000004
ENSG00000198824.6	ENST00000644294.1	0.010000000000000002
ENSG00000198824.6	ENST00000643483.1	1.0